city,bank_name,review_date,location,rating,review_text
Khémisset,Attijariwafa Bank,22/09/25,RWGF+H53 Khémisset,2,"J'ai transféré mon argent de la banque Chaabi à la waffabank et malheureusement je commence à le regretter.
-ts les services sont payant (obligé de prendre une carte bancaire qu'on paie ts …"
Khémisset,Attijariwafa Bank,22/07/26,RWGF+H53 Khémisset,1,"3 numéros de téléphone, aucune réponse!!"
Khémisset,Attijariwafa Bank,22/09/23,RWGF+H53 Khémisset,1,Banque fermé pour manque de code jamais vu ça il y’a que ici que ça arrive
Khémisset,Attijariwafa Bank,22/09/17,RWGF+H53 Khémisset,5,Attijari Wafabank التجاري وافابنك
Khémisset,Attijariwafa Bank,22/09/23,RWGF+H53 Khémisset,5,Service impeccable. L'une des meilleures caissières que j'aie jamais vues.
Khémisset,Bank of Africa,22/09/23,"RWGM+JFR, Avenue Resistance Khémisset",1,Service client abominable arrogance et manque de professionnalisme garantie avec une pointe de dedin envers les MRE et biensure avec les bas classe du maroc triste personnelles
Khémisset,Bank of Africa,22/09/19,"RWGM+JFR, Avenue Resistance Khémisset",1,guichet automatique défaillant
Khémisset,Bank of Africa,22/09/23,"RWGM+JFR, Avenue Resistance Khémisset",1,Je suis allée à la banque ce matin et l'employée (caissière) était très désagréable et irrespectueuse. …
Khémisset,Bank of Africa,22/09/24,"RWGM+JFR, Avenue Resistance Khémisset",5,"Notre banque, grâce à son excellent accueil et à son service irréprochable."
Khémisset,Bank of Africa,22/11/25,"RWGM+JFR, Avenue Resistance Khémisset",1,mauvaise expérience
Khémisset,Banque Populaire,22/09/25,"RW6F+PXW, Av. Al Qadi Iyad Khémisset",1,"la banque n'a pas encore  le service d une banque ,moins efficace que d'un bureau de change dans un  quartier  populaire.... les agents manquent  de compétence  et de  professionnalisme dans le sens propre du terme . ça ne donne pas envie de mettre son argent  la-dedans."
Khémisset,Banque Populaire,22/04/26,"RW6F+PXW, Av. Al Qadi Iyad Khémisset",5,SERVICE BON ET PARFAIT
Khémisset,Banque Populaire,22/04/26,"RW6F+PXW, Av. Al Qadi Iyad Khémisset",3,bien
Khémisset,Banque Populaire,22/11/25,"RW6F+PXW, Av. Al Qadi Iyad Khémisset",5,remercier
Khémisset,Banque Populaire,25/08/26,"RW6F+PXW, Av. Al Qadi Iyad Khémisset",1,Films
Khémisset,CIH Bank,22/09/24,"Rue Mbarek Bakkay, Av Ibn Batouta Khémisset",1,Service hyper lent. La personne au bureau qui s'occupe des comptes et cartes bancaires est hyper lente. Les mêmes personne pendant plus de 45 mins à son bureau. …
Khémisset,CIH Bank,22/09/23,"Rue Mbarek Bakkay, Av Ibn Batouta Khémisset",1,"La dame chargée de clientèle est une fonctionnaire n'a aucun profil, aucune compétence, aucun savoir en poste qu'elle occupe. Elle Ne sait jamais communiquer avec les clients. …"
Khémisset,CIH Bank,22/09/22,"Rue Mbarek Bakkay, Av Ibn Batouta Khémisset",1,"Personnel inserviable, traitement des demandes très très lente, le directeur n'a aucun de qu'es ce qui ce passe chez lui, les agents de la caisse sont sympa, la dame chargée des affaires administrative des clients a un rendement presque …"
Khémisset,CIH Bank,22/11/25,"Rue Mbarek Bakkay, Av Ibn Batouta Khémisset",5,Bon  emplacement
Khémisset,CIH Bank,22/09/22,"Rue Mbarek Bakkay, Av Ibn Batouta Khémisset",1,Une heure t'attend et y a personne qui va nous servir a propos credit intilaka
Khémisset,BMCI,18/09/26,119 boulevard Mohamed V Khémisset,5,
Khémisset,BMCI,22/06/26,119 boulevard Mohamed V Khémisset,3,
Khémisset,Al Barid Bank,22/09/25,"RWJF+XP8, Rue Mohamed Zerktouni Khémisset",5,Très bien
Khémisset,Al Barid Bank,22/09/18,"RWJF+XP8, Rue Mohamed Zerktouni Khémisset",5,"Al Barid Bank est une filiale marocaine du groupe Poste Maroc. La banque est opérationnelle depuis le 8 juin 2010. Cette filiale, spécialisée dans les services financiers, devrait démarrer avec 4 millions de clients et atteindre environ 6 …"
Khémisset,Al Barid Bank,22/04/26,"RWJF+XP8, Rue Mohamed Zerktouni Khémisset",5,
Khémisset,Al Barid Bank,22/09/18,"RWJF+XP8, Rue Mohamed Zerktouni Khémisset",5,
Khémisset,Chaabi Cash,22/09/25,A2 Bloc B Hay El Yasmine 4 Khémisset,5,
Khémisset,الشركة العامة للأبناك,22/09/17,5 Rue Mbarek Bakkay Khémisset,5,
Khémisset,Chaabi Cash & WESTERN UNION & RIA & MONEY GRAM,22/09/25,Avenue mohammed V Khémisset,5,Bon accueil et service rapide  👍 …
Khémisset,Chaabi Cash & WESTERN UNION & RIA & MONEY GRAM,22/06/26,Avenue mohammed V Khémisset,5,Très bon service
Khémisset,Chaabi Cash & WESTERN UNION & RIA & MONEY GRAM,22/05/26,Avenue mohammed V Khémisset,5,Service rapide et ambiance chaleureuse
Khémisset,Chaabi Cash & WESTERN UNION & RIA & MONEY GRAM,22/06/26,Avenue mohammed V Khémisset,5,Le meilleur 😍😍 …
Khémisset,Chaabi Cash & WESTERN UNION & RIA & MONEY GRAM,22/04/26,Avenue mohammed V Khémisset,5,
Khémisset,Cash Plus,22/09/20,300 hey el farah Khémisset,5,Bon service
Khémisset,Cash Plus,22/09/22,300 hey el farah Khémisset,5,Voisin arabe 😂 …
Khémisset,Cash Plus,22/03/26,300 hey el farah Khémisset,5,
Khémisset,Cash Plus,22/09/22,300 hey el farah Khémisset,5,
Kénitra,BMCE Bank,22/06/26,363 Av. Mohamed V Kénitra,1,"Service  nul ,le soit disant  conseillé  manque  d'efficacité . A fuir  !!!"
Kénitra,BMCE Bank,22/09/25,363 Av. Mohamed V Kénitra,2,"Une soit-disante conseillère affichant sur son bureau sourate "" قل أعوذ برب الفلق "" face à
ses clients, n'hésite pas à prouver ce sens en montrant un visage dégoûtant face …"
Kénitra,BMCE Bank,22/09/25,363 Av. Mohamed V Kénitra,1,"Service nul. Ils ne répondent pas au téléphone et, pour ceux qui habitent l'étranger c'est un vrai problème. Résultat: on va changer de Banque."
Kénitra,BMCE Bank,22/08/26,363 Av. Mohamed V Kénitra,5,Personnel accueillant et serviable
Kénitra,BMCE Bank,22/09/22,363 Av. Mohamed V Kénitra,1,"Professionalisme zéro: Je suis sortie de l'autoroute pour chercher le BMCE le plus proche à Kénitra. Le caissier était en pause, donc j'ai dû chercher une autre agence au centre ville. Agence inutile."
Kénitra,BANK AL KARAM - Agence Kénitra,08/09/26,"Immeuble Business Centre, N°4, Av. Hassan II Kénitra",5,
Kénitra,BANK AL KARAM - Agence Kénitra,22/06/26,"Immeuble Business Centre, N°4, Av. Hassan II Kénitra",5,
Kénitra,Bank Al Maghrib,22/04/26,"7C6C+R2R, Rue de la Reine Elizabeth Kénitra",5,"Bref , Rapide efficace"
Kénitra,Bank Al Maghrib,22/11/25,"7C6C+R2R, Rue de la Reine Elizabeth Kénitra",5,Établissement d'état très prestigieuse
Kénitra,Bank Al Maghrib,22/09/17,"7C6C+R2R, Rue de la Reine Elizabeth Kénitra",2,on a détruit un monument historique pour monter une banque quasi fermée tout le temps
Kénitra,Bank Al Maghrib,22/09/24,"7C6C+R2R, Rue de la Reine Elizabeth Kénitra",5,Bonne service
Kénitra,Bank Al Maghrib,22/09/17,"7C6C+R2R, Rue de la Reine Elizabeth Kénitra",4,Joli édifice
Kénitra,Banque Populaire - Succursale de Kénitra,22/09/25,7C79+CQG Kénitra,1,Pas de guichet automatique
Kénitra,Banque Populaire - Succursale de Kénitra,22/09/19,7C79+CQG Kénitra,4,Qualité du service et compétence du personnel
Kénitra,Banque Populaire - Succursale de Kénitra,22/09/24,7C79+CQG Kénitra,4,Bien
Kénitra,Banque Populaire - Succursale de Kénitra,22/09/22,7C79+CQG Kénitra,1,Le pire service de cette agence
Kénitra,Attijariwafa Bank,22/09/25,85 Av. Antara Kénitra,1,"Service très médiocre : une lenteur insupportable et un manque total de professionnalisme. Une employée a quitté son poste en laissant les clients attendre, ce qui est inadmissible pour une banque. Merci de prendre vos responsabilités et …"
Kénitra,Attijariwafa Bank,22/06/26,85 Av. Antara Kénitra,1,Nette dégradation de service depuis l'arrivée de nouvelle équipe avec caissier aigri.
Kénitra,Attijariwafa Bank,22/09/22,85 Av. Antara Kénitra,5,"On dirait que la demoiselle a une experience de 20 ans alors qu'elle n'est que dans les vingtaines.
Elle ma aide a avoir ma carte auto-entrepreneur, ainsi qu'un compte …"
Kénitra,Attijariwafa Bank,22/09/24,85 Av. Antara Kénitra,5,Numéro téléphone  d'agence svp ??
Kénitra,Attijariwafa Bank,22/09/24,85 Av. Antara Kénitra,5,Très bon service
Kénitra,CIH Bank - Agence Kenitra,22/07/26,Avenue Mohamed V Immeuble Hraga Kénitra,1,"Très mauvais service L’emplacement crée beaucoup de pression,deux agents à la caisse ne sont pas suffisants On attend presque une heure pour être servi"
Kénitra,CIH Bank - Agence Kenitra,22/12/25,Avenue Mohamed V Immeuble Hraga Kénitra,1,"Bonjour
Très décevant, retrait d'argent 191€ n'est pas sortie en date de 5/12/2025.
J'ai contesté depuis le 5 décembre 2025 et j'attends toujours mon remboursement …"
Kénitra,CIH Bank - Agence Kenitra,22/12/25,Avenue Mohamed V Immeuble Hraga Kénitra,1,"Je souhaite exprimer mon profond mécontentement concernant la qualité du service dont j’ai été victime. Après plus de deux heures d’attente, on m’a finalement informée que le système ne fonctionnait pas, alors même que j’avais posé la …"
Kénitra,CIH Bank - Agence Kenitra,22/01/26,Avenue Mohamed V Immeuble Hraga Kénitra,1,"C’est décevant, le GAB est presque toujours vide!! Pour retirer de l’argent, il faut obligatoirement entrer à l’agence et payer en plus des frais de 25 DH, ce qui est totalement anormal.. …"
Kénitra,CIH Bank - Agence Kenitra,22/11/25,Avenue Mohamed V Immeuble Hraga Kénitra,1,Une telle banque dans le centre ville doit avoir plus que 2 agents dans les bureaux pour gérer les demandes des clients. Faut attendre une décennie juste pour demander une nouvelle carte.
Kénitra,Crédit du Maroc,22/08/26,Av. Mohamed Diouri Kénitra,1,"17 personnes pour une seul caisse avec un temps de transaction qui déplace 5min par personne avec ce rythme on passera dans minimum 1h30 , ps : le constat fait par le directeur et il sort tranquille sans problème"
Kénitra,Crédit du Maroc,22/05/26,Av. Mohamed Diouri Kénitra,1,"Nul , service trop long , queue de 20 personnes, une seule caisse ouverte 👎🏻👎🏻👎🏻👎🏻👎🏻 …"
Kénitra,Crédit du Maroc,22/09/25,Av. Mohamed Diouri Kénitra,1,"Je suis très déçu par les services de cette banque. Les guichets automatiques sont souvent hors service, surtout le week-end, ce qui rend les retraits très compliqués. En semaine, certains guichets ne sont même pas opérationnels. La file …"
Kénitra,Crédit du Maroc,22/09/24,Av. Mohamed Diouri Kénitra,5,Accueil très professionnel de la part de la Directrice du Groupe. Enfin une agence qui prend soin de ses futurs clients professionnels....
Kénitra,Crédit du Maroc,22/09/21,Av. Mohamed Diouri Kénitra,1,Je ne recommande pas cette agence. Services trop lent. Queue insupportable
Kénitra,Crédit Agricole du Maroc,22/07/26,161 Av. Mohamed Diouri Kénitra,1,Directrice absente une seume conseillere sur place
Kénitra,Crédit Agricole du Maroc,22/09/23,161 Av. Mohamed Diouri Kénitra,1,Vous respectez pas vos horaires c nul 👌 …
Kénitra,Crédit Agricole du Maroc,22/09/25,161 Av. Mohamed Diouri Kénitra,5,Content de leurs services
Kénitra,Banque Populaire - Agence Maamora,22/09/25,"7C68+P2V, Av. Al Istiqlal Kénitra",1,"En août dernier, ma mère, une femme âgée et respectueuse, s’est rendue dans cette agence pour retirer une somme de 800 000 DHS, nécessaire à l’achat d’un appartement. À notre grande surprise, non seulement on lui a refusé cette opération …"
Kénitra,Banque Populaire - Agence Maamora,22/09/20,"7C68+P2V, Av. Al Istiqlal Kénitra",1,Les heures d'ouverture ne sont pas à jour ni sur le site ni sur le panneau a l'entrée de la banque. …
Kénitra,Banque Populaire - Agence Maamora,22/09/20,"7C68+P2V, Av. Al Istiqlal Kénitra",1,"CEST DU GRAND N'importe quoi .ils ne sont jamais joignable....cest a eviter comme banque .
numero de telephone faux . …"
Kénitra,Banque Populaire - Agence Maamora,22/09/21,"7C68+P2V, Av. Al Istiqlal Kénitra",1,"Une agence à l'image de son directeur (alami)
Zéro Zéro Zéro. Aucun autre commentaire a faire."
Kénitra,Banque Populaire - Agence Maamora,22/09/24,"7C68+P2V, Av. Al Istiqlal Kénitra",1,Pas de respect/ et toujours le système est en panne/ trop long / et un mauvais caissier
Kénitra,Banque Populaire Ibn Battouta,22/03/26,"7C65+FP7, Av. Abou Bakr Seddik Kénitra",1,
Kénitra,Banque Populaire Ibn Battouta,22/09/24,"7C65+FP7, Av. Abou Bakr Seddik Kénitra",4,
Kénitra,Banque Populaire Ibn Battouta,22/09/23,"7C65+FP7, Av. Abou Bakr Seddik Kénitra",1,
Kénitra,Banque Populaire Ibn Battouta,22/09/21,"7C65+FP7, Av. Abou Bakr Seddik Kénitra",3,
Kénitra,Agence Banque Populaire KHABBAZAT,22/09/25,7C8M+3H7 Kénitra,1,"Pas content des 2 conseillères femmes qui travaillent là-bas. Elles mettent du désodorisant dans l agences en présence de clients et sort de l agence , ont des communications personnels bien fort au téléphone en présence de client derrière leur bureaux. Aucune considération pour les clients qui les font vivre."
Kénitra,Agence Banque Populaire KHABBAZAT,22/09/13,7C8M+3H7 Kénitra,3,C'est la banque populaire bab fes
Kénitra,Agence Banque Populaire KHABBAZAT,22/09/25,7C8M+3H7 Kénitra,1,
Kénitra,Agence Banque Populaire KHABBAZAT,22/09/25,7C8M+3H7 Kénitra,1,
Kénitra,Agence Banque Populaire KHABBAZAT,22/09/19,7C8M+3H7 Kénitra,4,
Kénitra,Bank of Africa,22/09/25,6FR2+W4H Irchad Kénitra,1,"Service client très lent - Un seul caissier pour toute une agence

☆☆☆☆☆ (0 étoile) …"
Kénitra,Bank of Africa,22/06/26,6FR2+W4H Irchad Kénitra,5,Service client au perfection fourni par Mr Soufiane (pour la première fois depuis longtemps dans cette agence)
Kénitra,Bank of Africa,22/09/16,6FR2+W4H Irchad Kénitra,5,C bien
Kénitra,Bank of Africa,22/09/17,6FR2+W4H Irchad Kénitra,5,☆☆☆☆☆☆☆☆☆☆
Kénitra,Bank of Africa,22/02/26,6FR2+W4H Irchad Kénitra,1,"Pour moi, c'est la pire banque qui soit. Ils font attendre les gens des heures sans raison et se retranchent toujours derrière la même excuse : « le système est hors service ». Un manque total de professionnalisme et de respect. Les agences de Saknia sont à éviter absolument."
Kénitra,Crédit Agricole du Maroc - Succursale de Kénitra,22/09/22,"7C58+P8V, P4266 Kénitra",4,Localisation bien précise.
Kénitra,Crédit Agricole du Maroc - Succursale de Kénitra,22/09/18,"7C58+P8V, P4266 Kénitra",1,singe
Kénitra,Crédit Agricole du Maroc - Succursale de Kénitra,22/09/16,"7C58+P8V, P4266 Kénitra",4,Bon service
Kénitra,Crédit Agricole du Maroc - Succursale de Kénitra,22/04/26,"7C58+P8V, P4266 Kénitra",5,
Kénitra,Crédit Agricole du Maroc - Succursale de Kénitra,22/09/24,"7C58+P8V, P4266 Kénitra",3,
Kénitra,بريد بنك,08/09/26,6CVX+MF5 Kénitra,3,Bon service
Kénitra,بريد بنك,22/09/23,6CVX+MF5 Kénitra,5,Service formidable
Kénitra,بريد بنك,22/09/21,6CVX+MF5 Kénitra,2,"Le manque de personnel allonge les délais d'attente, surtout dans le contexte actuel de la pandémie de coronavirus."
Kénitra,بريد بنك,22/09/25,6CVX+MF5 Kénitra,5,Meilleure banque
Kénitra,بريد بنك,22/08/26,6CVX+MF5 Kénitra,1,
Kénitra,CIH Banque,22/05/26,"Imm Oapam, Av. Mohamed V Kénitra",5,"Agence à temara, mauvais service"
Kénitra,CIH Banque,22/09/23,"Imm Oapam, Av. Mohamed V Kénitra",1,"Le pire service bancaire,  ils disent avoir un horaire continue mais à chaque fois que je passe entre midi et 2, disent que la personne est en pause déjeuner.  C'est inadmissible comme comportement"
Kénitra,CIH Banque,22/09/23,"Imm Oapam, Av. Mohamed V Kénitra",1,Service très nul. En plus de mentir à un client
Kénitra,CIH Banque,22/09/23,"Imm Oapam, Av. Mohamed V Kénitra",1,Dima problème fi système w service zéro
Kénitra,CIH Banque,22/09/21,"Imm Oapam, Av. Mohamed V Kénitra",1,Service très nul
Kénitra,Banque Populaire,22/01/26,69XQ+JXX Kénitra,1,GAB toujours en panne et sans argent liquide
Kénitra,Banque Populaire,22/09/25,69XQ+JXX Kénitra,3,le GAB est presque toujours en panne…
Kénitra,Banque Populaire,22/09/25,69XQ+JXX Kénitra,1,Grave le manque de respect de la part du directeur 👎🏻👎🏻👎🏻👎🏻👎🏻 je déconseille …
Kénitra,Banque Populaire,22/12/25,69XQ+JXX Kénitra,1,Il n'est pas ouvert
Kénitra,Banque Populaire,22/09/25,69XQ+JXX Kénitra,5,
Kénitra,CIH Bank,22/01/26,"Av. El Massira Lotissement Al Wiam, Lot N 1,12 Kénitra",1,"Malheureusement, j’ai été très déçue par ma visite d’aujourd’hui à l’agence CIH Bank saknia. Le service était insuffisant et le comportement d’une dame qui se présente comme conseillère n’était pas professionnel du tout. Aucune …"
Kénitra,CIH Bank,22/11/25,"Av. El Massira Lotissement Al Wiam, Lot N 1,12 Kénitra",3,"Bonjour,
Il serait souhaitable que votre établissement bancaire propose la possibilité de demander une carte bancaire via votre application mobile ou votre site web, …"
Kénitra,CIH Bank,22/09/22,"Av. El Massira Lotissement Al Wiam, Lot N 1,12 Kénitra",1,"Il faut attendre des heures pour que je puisse faire des opérations de 5 min maximum, pas d organisation ni de politesse du staff , le guichet est toujours vide , et meme avec l amélioration de l etat sanitaire de tout le pays , cet agence …"
Kénitra,CIH Bank,22/09/21,"Av. El Massira Lotissement Al Wiam, Lot N 1,12 Kénitra",1,"Capture de ma carte guichet 2 jours avant le jour de l’aide
Je me suis rendu à l’agence le lendemain à 9h du matin la banque ouverte mais seulement l’agent de sécurité qui est sur l’agence sous prétexte qu’ils ont une …"
Kénitra,CIH Bank,22/09/23,"Av. El Massira Lotissement Al Wiam, Lot N 1,12 Kénitra",1,Un service zero nuuuulllllll il faut attendre des heures et des heures et enfin l'agent de sécurité ne respecte plus les clients il les mal traité tout le temps vraiment vous devez améliorer vos agences
Kénitra,Saham Bank Kenitra Principale,22/09/25,311 Av. Mohamed V Kénitra,1,"Juste catastrophique less charges de clientèle, une épreuve pour trouver qui gère le compte du jonglage pour trouver le conseiller qui backup celui absent depuis un moment on parle même un langage policier le pointage pour savoir qui te …"
Kénitra,Saham Bank Kenitra Principale,22/09/24,311 Av. Mohamed V Kénitra,1,Adresse erronée.  Il n'y a pas d'agence
Kénitra,Saham Bank Kenitra Principale,22/09/22,311 Av. Mohamed V Kénitra,1,"Une très mauvaise expérience, agence qui n’est pas a la hauteur bande de voleurs qui n’ont rien a voir avec le professionnalisme comportement inadmissible
J’ai été pour modifier mon pack qui ne sert absolument a RIEN une ancienne carte …"
Kénitra,Saham Bank Kenitra Principale,22/01/26,311 Av. Mohamed V Kénitra,5,Excellent bank. J'adore.
Kénitra,Saham Bank Kenitra Principale,22/09/19,311 Av. Mohamed V Kénitra,5,C'est un bank français 👍 …
Kénitra,BMCE Bank,22/09/24,69XV+F6C Kénitra,4,"Bon accueil , le personnel est sympathique"
Kénitra,BMCE Bank,22/09/22,69XV+F6C Kénitra,5,Bon
Kénitra,BMCE Bank,22/09/22,69XV+F6C Kénitra,5,Accueil chaleureux et service impeccable au meilleur prix. Merci.
Kénitra,BMCE Bank,22/09/20,69XV+F6C Kénitra,1,Lanaia
Kénitra,BMCE Bank,22/08/26,69XV+F6C Kénitra,5,
Kénitra,Crédit du Maroc,22/06/26,"2, Angle rue 9 & Bd Mohammed V - khabbazat Kénitra",1,"Personne ne répond aux appels, (pourtant c’est une ne banque !), obligé de se déplacer sur place à chaque fois.
Mr.Brahim le conseiller bancaire qui répond jamais aux appels !"
Kénitra,Crédit du Maroc,22/09/16,"2, Angle rue 9 & Bd Mohammed V - khabbazat Kénitra",3,Service drive dispo
Kénitra,Crédit du Maroc,22/09/18,"2, Angle rue 9 & Bd Mohammed V - khabbazat Kénitra",5,
Kénitra,Crédit du Maroc,22/06/26,"2, Angle rue 9 & Bd Mohammed V - khabbazat Kénitra",5,
Kénitra,Crédit du Maroc,22/04/26,"2, Angle rue 9 & Bd Mohammed V - khabbazat Kénitra",5,
Kénitra,Sofac- Agence Kénitra,22/11/25,"Mall Yasmie, Br Diouri, angle Rue Moulay Abderrahmane, rue Omar El Mokhtar, Rue Idriss Al Akbar Kénitra",1,"Dans l'établissement sofac kénitra, se trouve le nommé Mon3im qui traite les dossiers de crédit de consommation... Cela fait longtemps qu'on n'a remarqué qu'il traite mal les citoyens et qu'il est souvent dehors au café en plein travail et …"
Kénitra,Sofac- Agence Kénitra,22/04/26,"Mall Yasmie, Br Diouri, angle Rue Moulay Abderrahmane, rue Omar El Mokhtar, Rue Idriss Al Akbar Kénitra",5,"Rien a dire
Sur tout Mr Mounaim, serviable o kyagolik lwa9et donc hawa lwa9et
Merci a l'équipe kolha"
Kénitra,Sofac- Agence Kénitra,22/01/26,"Mall Yasmie, Br Diouri, angle Rue Moulay Abderrahmane, rue Omar El Mokhtar, Rue Idriss Al Akbar Kénitra",1,Je suis déçue par leur travail une mauvaise expérience Wafa c est le top
Kénitra,Sofac- Agence Kénitra,22/01/26,"Mall Yasmie, Br Diouri, angle Rue Moulay Abderrahmane, rue Omar El Mokhtar, Rue Idriss Al Akbar Kénitra",5,Très bien
Kénitra,Sofac- Agence Kénitra,22/06/26,"Mall Yasmie, Br Diouri, angle Rue Moulay Abderrahmane, rue Omar El Mokhtar, Rue Idriss Al Akbar Kénitra",1,👎 …
Kénitra,Banque Populaire Val Fleury,22/08/26,Av. Said Daoudi Kénitra,1,"J’ai eu une très mauvaise expérience avec cette agence bancaire. Il est tout de même difficilement acceptable de trouver une agence pratiquement vide, à l’exception de la directrice, qui était elle-même engagée pendant plus d’une demi-heure …"
Kénitra,Banque Populaire Val Fleury,22/09/24,Av. Said Daoudi Kénitra,1,l'agent de sécurité est trop arrogant et impoli 😡 les délais et les prestations de services ne sont pas respectés du tout et surtout le timing nul 👎🏻 agence à éviter …
Kénitra,Banque Populaire Val Fleury,22/09/24,Av. Said Daoudi Kénitra,1,"Très mauvaise qualité de service, toujours des retards de démarrage du travail le matin.., personnel 👎👎👎 …"
Kénitra,Banque Populaire Val Fleury,22/09/22,Av. Said Daoudi Kénitra,4,"Super pas trop de monde, service rapide"
Kénitra,Banque Populaire Val Fleury,22/09/22,Av. Said Daoudi Kénitra,3,Bon service
Kénitra,Saham Bank Ouled Oujih,22/09/25,"Lot 81, Bloc I Kénitra",1,"Service médiocre! Surtout dans les conditions actuelles où on évite le contact avec les gens, on trouve que notre chère société nous oblige quand même à se déplacer pour des demandes qui peuvent être traitées par 2 min de communication par …"
Kénitra,Saham Bank Ouled Oujih,22/09/25,"Lot 81, Bloc I Kénitra",1,"Service mediocre,  je ne recommande  absolument  pas"
Kénitra,Saham Bank Ouled Oujih,22/07/26,"Lot 81, Bloc I Kénitra",1,Trop gourmand
Kénitra,Saham Bank Ouled Oujih,22/09/24,"Lot 81, Bloc I Kénitra",1,Service nul ! Voir catastrophique.
Kénitra,Saham Bank Ouled Oujih,22/09/24,"Lot 81, Bloc I Kénitra",1,Service nulle
Kénitra,Saham Bank Kenitra Mimosas,22/07/26,Av SAAD ADDAOUDI IMMEUBLE MEKKA Kénitra,5,
Kénitra,Saham Bank Kenitra Mimosas,22/09/22,Av SAAD ADDAOUDI IMMEUBLE MEKKA Kénitra,3,
Kénitra,Saham Bank Kenitra Mimosas,22/09/21,Av SAAD ADDAOUDI IMMEUBLE MEKKA Kénitra,2,
Kénitra,Saham Bank Kenitra Mimosas,22/09/16,Av SAAD ADDAOUDI IMMEUBLE MEKKA Kénitra,5,
Kénitra,Assafa Bank,08/09/26,"immeuble n° 26 3eme étage appt, 6 Av. Hassan II Kénitra",1,"Le service client, notamment Zakaria et Imane, est catastrophique. Leur comportement est très irrespectueux et manque clairement de professionnalisme. Ils ne sont ni réactifs ni réellement disposés à aider, même en cas d’urgence ou de …"
Kénitra,Assafa Bank,22/06/26,"immeuble n° 26 3eme étage appt, 6 Av. Hassan II Kénitra",1,"Le service est extrêmement lent. Franchement, je ne recommande pas cette banque, d'autant plus que c'est la seule agence à Kénitra."
Kénitra,Assafa Bank,22/09/25,"immeuble n° 26 3eme étage appt, 6 Av. Hassan II Kénitra",4,Une bonne banque avec un personnel professionnel et compétent.
Kénitra,Assafa Bank,22/06/26,"immeuble n° 26 3eme étage appt, 6 Av. Hassan II Kénitra",1,"Si vous souhaitez avoir affaire directement à un employé qui crie et insulte les clients, allez dans ces banques. …"
Kénitra,Assafa Bank,22/10/25,"immeuble n° 26 3eme étage appt, 6 Av. Hassan II Kénitra",5,
Kénitra,BMCE BANK,22/01/26,"794Q+FGV, Bloc B Maghreb Arabi Kénitra",5,J'aime trop le service et plein de professionnels ❤️❤️ BMCE the best
Kénitra,BMCE BANK,22/09/21,"794Q+FGV, Bloc B Maghreb Arabi Kénitra",3,La pénurie de main-d'œuvre allonge considérablement les temps d'attente.
Kénitra,BMCE BANK,19/09/26,"794Q+FGV, Bloc B Maghreb Arabi Kénitra",5,
Kénitra,BMCE BANK,22/08/26,"794Q+FGV, Bloc B Maghreb Arabi Kénitra",4,
Kénitra,BMCE BANK,22/09/23,"794Q+FGV, Bloc B Maghreb Arabi Kénitra",3,
Kénitra,CFG Bank GAB Shell Autoroute Kenitra,01/09/26,Shell، Aire de service، A1 Kénitra,5,D'accord
Kénitra,CFG Bank GAB Shell Autoroute Kenitra,22/08/26,Shell، Aire de service، A1 Kénitra,3,
Kénitra,CFG Bank GAB Shell Autoroute Kenitra,22/04/26,Shell، Aire de service، A1 Kénitra,5,
Kénitra,CFG Bank GAB Shell Autoroute Kenitra,22/09/25,Shell، Aire de service، A1 Kénitra,5,
Kénitra,CFG Bank GAB Shell Autoroute Kenitra,22/09/25,Shell، Aire de service، A1 Kénitra,5,
Kénitra,Saham Bank Riad Kenitra,22/09/23,"87, Bd. Mohammed V Kénitra",5,"Que la paix soit sur vous 🌷

Ô Allah, répands Tes bénédictions sur notre Prophète Muhammad 💓 …"
Kénitra,Saham Bank Riad Kenitra,22/09/16,"87, Bd. Mohammed V Kénitra",4,Service drive
Kénitra,Saham Bank Riad Kenitra,22/09/23,"87, Bd. Mohammed V Kénitra",4,Hirschmann
Kénitra,Saham Bank Riad Kenitra,22/09/19,"87, Bd. Mohammed V Kénitra",1,
Kénitra,Saham Bank Riad Kenitra,22/09/19,"87, Bd. Mohammed V Kénitra",1,
Kénitra,Crédit agricole,22/09/25,"6CVX+8RJ, P4268 Kénitra",1,"Le mauvais traitement et le mépris dont font preuve les clients, à moins qu'ils ne soient des connaissances, obligent la direction de la Banque de crédit agricole à revoir la conduite de ses employés, en particulier des femmes, car la qualité du service est déplorable."
Kénitra,Crédit agricole,22/09/24,"6CVX+8RJ, P4268 Kénitra",1,La pire banque du monde
Kénitra,Saham Bank Kenitra Saknia,22/11/25,Lot 78 Route Aïn Sébaâ Zone d'activité Saknia Kénitra,1,"Très mauvais directeur. Je suis arrivé à 15h45 et il ne m'a pas laissé entrer, juste pour me dire de me détendre."
Kénitra,Saham Bank Kenitra Saknia,22/09/24,Lot 78 Route Aïn Sébaâ Zone d'activité Saknia Kénitra,1,Ila Kant zéro étoile Ghadi ndirha service zéro 🤔 …
Kénitra,Saham Bank Kenitra Saknia,22/09/23,Lot 78 Route Aïn Sébaâ Zone d'activité Saknia Kénitra,1,"Le service est inexistant.

Je ne recommande pas cette banque."
Kénitra,Saham Bank Kenitra Saknia,22/09/20,Lot 78 Route Aïn Sébaâ Zone d'activité Saknia Kénitra,1,"00 Interactions avec les clients
00 Services à distance"
Kénitra,Saham Bank Kenitra Saknia,22/09/21,Lot 78 Route Aïn Sébaâ Zone d'activité Saknia Kénitra,3,
Kénitra,Bank of Africa,22/09/24,"7C6R+J4H, Av. Bacha Abdelhamid El Alaoui Kénitra",1,"Souhaitant faire un retrait d'un montant important, le caissier me donne l'argent sans les compter en disant que c'est deja fait lorsqu on lui demande de les compter en notre présence il est mécontent et commence a hurler et claquer la porte. Faite attention."
Kénitra,Bank of Africa,22/04/26,"7C6R+J4H, Av. Bacha Abdelhamid El Alaoui Kénitra",5,Bon service 👌🏻 …
Kénitra,Bank of Africa,22/09/21,"7C6R+J4H, Av. Bacha Abdelhamid El Alaoui Kénitra",3,"Parfois, les contacts et les services ne sont pas à la hauteur"
Kénitra,Bank of Africa,22/09/24,"7C6R+J4H, Av. Bacha Abdelhamid El Alaoui Kénitra",5,"Il arrive que les contacts et les services ne soient pas équivalents.

Il arrive que les contacts et les services ne soient pas équivalents. …"
Kénitra,Bank of Africa,22/04/26,"7C6R+J4H, Av. Bacha Abdelhamid El Alaoui Kénitra",1,
Kénitra,Maghrib El arabi,22/10/25,793M+Q4G Kénitra,1,"Bonjour .
S'il vous plaît je cherche un numéro de téléphone fixe pour la contacter .
Merci  cordialement"
Kénitra,Maghrib El arabi,22/09/24,793M+Q4G Kénitra,5,Bonne experience
Kénitra,Maghrib El arabi,22/03/26,793M+Q4G Kénitra,4,🤍 …
Kénitra,Maghrib El arabi,22/04/26,793M+Q4G Kénitra,5,Ma maison 🙌🙌🙌🙌🙌😍😍😍😍😍😍 …
Kénitra,Maghrib El arabi,22/09/25,793M+Q4G Kénitra,5,Ras
Kénitra,Barid Cash,22/09/17,7C8Q+7HG Kénitra,5,"Agence ouverte de 8h à 20h sauf dimanche, service money Gram western union dirham express ria disponibles tout la journée ainsi que les mandat organisme et allocation familiale des assurances et CNSS"
Kénitra,Barid Cash,22/09/23,7C8Q+7HG Kénitra,1,Service médiocre avec un personnel minable qui refuse de travailler même en heure de travail!!! Comportement à revoir
Kénitra,Barid Cash,22/09/25,7C8Q+7HG Kénitra,1,Ils cessent de servir avant l’heure spécifiée 😡😡😡 …
Kénitra,Barid Cash,22/09/23,7C8Q+7HG Kénitra,1,inconvenient pas de e-mail pas de site . Dommage
Kénitra,Barid Cash,22/09/23,7C8Q+7HG Kénitra,5,Le Service et la rapidité d'envoi d'argent
Kénitra,Al Amana Microfinance,22/09/24,"6CJX+WW5, Rue Ettahe Mustapha Kénitra",2,Financement avec grand risque personnel peu qualifié en matière de gestion des risques
Kénitra,Al Amana Microfinance,16/09/26,"6CJX+WW5, Rue Ettahe Mustapha Kénitra",5,Bon Service et Bon Genre
Kénitra,Al Amana Microfinance,22/01/26,"6CJX+WW5, Rue Ettahe Mustapha Kénitra",5,Une institution réputée offrant des services diversifiés
Kénitra,Al Amana Microfinance,22/08/26,"6CJX+WW5, Rue Ettahe Mustapha Kénitra",5,Dieu
Kénitra,Al Amana Microfinance,22/09/22,"6CJX+WW5, Rue Ettahe Mustapha Kénitra",5,👍 …
Kénitra,Barid Cash,22/06/26, Kénitra,5,"Bon service
Personnels serviables"
Kénitra,Barid Cash,22/09/24, Kénitra,4,"J'ai déposé un envoi à cette agence, les employés sont serviables, savent bien comment expliquez les procédures, il faut juste plus de collaborateurs pour éviter le retard et le surpeuplement"
Kénitra,Barid Cash,22/09/24, Kénitra,4,Des personnes gentils qui bosse mais il faut les aider en réparant les sources de liaison internet merci j'aime beaucoup mes frères marocain et ma patry le MAROC
Kénitra,Barid Cash,22/09/25, Kénitra,5,Un très bon service des personnes serviables
Kénitra,Barid Cash,22/09/22, Kénitra,3,"Ce établissement destiné à transferer les objets entre les villes marocains, les couriers entre l'envoyeur et le récepteur. Bon service. Essayer le."
Kénitra,Banque poplaire,22/03/26,"792X+M37, Av. Mohamed V Kénitra",1,Service très mauvais
Kénitra,Banque poplaire,22/09/25,"792X+M37, Av. Mohamed V Kénitra",5,
Kénitra,Banque poplaire,22/09/24,"792X+M37, Av. Mohamed V Kénitra",5,
Kénitra,Banque poplaire,22/09/20,"792X+M37, Av. Mohamed V Kénitra",5,
Kénitra,Banque poplaire,22/09/20,"792X+M37, Av. Mohamed V Kénitra",4,
Kénitra,super change,22/09/24,"n5 nafoura, Rue de la Reine Elisabeth Kénitra",5,Un vrai super bureau de change il n'y a pas mieux honnête Bon comportement et professionnalisme
Kénitra,super change,22/09/25,"n5 nafoura, Rue de la Reine Elisabeth Kénitra",5,Je me demande si c'est ouvert aujourd'hui pendant la fête El Massira 🙏 …
Kénitra,super change,22/10/25,"n5 nafoura, Rue de la Reine Elisabeth Kénitra",1,"Le service était, pour le moins, déplorable, surtout de la part du monsieur de gauche. Il était impoli, désagréable et pas un mot gentil. Si vous lui parliez, il vous dirait de ne pas revenir. Il existe d'autres bureaux de change …"
Kénitra,super change,22/12/25,"n5 nafoura, Rue de la Reine Elisabeth Kénitra",1,Le traitement réservé par cet employé était déplorable ; je ne recommande pas de faire affaire avec lui.
Kénitra,super change,22/09/24,"n5 nafoura, Rue de la Reine Elisabeth Kénitra",5,"J'ai toujours obtenu le meilleur taux de change ici.

Bien sûr, vérifiez toujours le montant ; ce n'est pas impoli, c'est prudent pour les deux parties."
Kénitra,Cash Plus KENITRA MASJID MED 6,22/04/26,"N° 6, N° 1 RUE 2 MAGASIN Kénitra",5,C'est tellement plus agréable que l'autre
Kénitra,Cash Plus KENITRA MASJID MED 6,22/03/26,"N° 6, N° 1 RUE 2 MAGASIN Kénitra",5,
Kénitra,ARRAWAJ Micro Crédit - Kenitra Khabbazat,22/09/25,"N°2, RUE 113 SAHAT ACHOHADAA Kénitra",5,bien
Kénitra,ARRAWAJ Micro Crédit - Kenitra Khabbazat,22/09/25,"N°2, RUE 113 SAHAT ACHOHADAA Kénitra",5,
Kénitra,Barid Cash,22/01/26,39 Rue Loubnane Kénitra,1,Trés mauvais service . La responsable vient quand elle veut et part quand elle veut. Arrogante.
Kénitra,Barid Cash,22/08/26,39 Rue Loubnane Kénitra,4,"Le service est plutôt bon, même si les tarifs sont un peu élevés, ça vaut le coup."
Kénitra,Barid Cash,22/09/24,39 Rue Loubnane Kénitra,5,"Bon service, excellent service"
Kénitra,Barid Cash,22/12/25,39 Rue Loubnane Kénitra,1,
Kénitra,Barid Cash,22/09/25,39 Rue Loubnane Kénitra,1,
Kénitra,Chaabi cash saknia kenitra,22/09/24,"takdiss saknia, Groupe A N2 Kénitra",5,😍😍😍 …
Kénitra,Chaabi cash saknia kenitra,22/07/26,"takdiss saknia, Groupe A N2 Kénitra",5,
Kénitra,Chaabi cash saknia kenitra,22/09/25,"takdiss saknia, Groupe A N2 Kénitra",5,
Kénitra,Chaabi cash saknia kenitra,22/09/24,"takdiss saknia, Groupe A N2 Kénitra",5,
Kénitra,Chaabi cash saknia kenitra,22/09/24,"takdiss saknia, Groupe A N2 Kénitra",5,
Kénitra,Barid Cash,22/09/24,796J+Q54 Kénitra,1,"Je suis surpris du service client impitoyable aujourd'hui à l'agence ouled oujih , le jeune qui ce trouve à la caisse ma tout simplement informer que c'est la seule agence à kénitra qui ne traite pas les dossier lier aux cartes grise et …"
Kénitra,Barid Cash,22/09/23,796J+Q54 Kénitra,1,"J'étais surpris qu'en voulant rentrer à cette agence à 6 minutes de la fin des horaires, on m'a refusé l'accès! Alors que l'opération  que j'allais effectuer nécessite seulement même pas deux minutes !! Vous devez revoir la qualité de vos services."
Kénitra,Barid Cash,22/09/25,796J+Q54 Kénitra,1,J'ai jamais vu pareil!! service nul!! manque de respect !!
Kénitra,Barid Cash,22/09/23,796J+Q54 Kénitra,1,Service nul la dame refuse de faire son travail parce que elle a beaucoup de dossier investissez dans un bon profil plutôt que de recruter des gens incompetent
Kénitra,Barid Cash,22/09/23,796J+Q54 Kénitra,1,"Nul, mauvais service et réception terrible par deux filles qui manquaient de sagesse et d'expérience contrairement aux autres agences"
Kénitra,Cash Plus Kenitra Cité,22/09/25,"n 1, Quartier cite d urgence bloc t Kénitra",1,"Ce type n'a aucune notion de service client, il est très impoli et se comporte comme s'il faisait l'aumône. Ses taux de change sont systématiquement désavantageux. Je vous déconseille fortement d'aller ici, à moins de vouloir vous faire arnaquer."
Kénitra,Cash Plus Kenitra Cité,22/11/25,"n 1, Quartier cite d urgence bloc t Kénitra",5,Je le recommande
Kénitra,Cash Plus Kenitra Cité,22/09/22,"n 1, Quartier cite d urgence bloc t Kénitra",5,
Kénitra,ARRAWAJ Micro Crédit - Kenitra Oulad Oujih,22/04/26,"N°2, MAGHREB ARABI D EXTENTION MAGASIN, LOT 1 Kénitra",5,
Kénitra,ARRAWAJ Micro Crédit - Kenitra Bir Rami,22/02/26,"EST, BOULEVARD ABI CHITA EL JAMAAI, MAGHREB ARABI A2 N°364 Kénitra",5,Excellente service
Kénitra,DAMANE CASH KENITRA DIOUR MAKHZEN,22/09/25,40 Av. Bacha Abdelhamid El Alaoui Kénitra,5,Très bonne services ✔️
Kénitra,DAMANE CASH KENITRA DIOUR MAKHZEN,22/09/24,40 Av. Bacha Abdelhamid El Alaoui Kénitra,5,Bonne service  localisation au centre kenitra   bon courage
Kénitra,DAMANE CASH KENITRA DIOUR MAKHZEN,22/09/25,40 Av. Bacha Abdelhamid El Alaoui Kénitra,5,Bon service
Kénitra,DAMANE CASH KENITRA DIOUR MAKHZEN,22/09/24,40 Av. Bacha Abdelhamid El Alaoui Kénitra,5,Bonne service
Kénitra,DAMANE CASH KENITRA DIOUR MAKHZEN,22/09/24,40 Av. Bacha Abdelhamid El Alaoui Kénitra,5,Excellent service rapide 👍👍👍👍 …
Kénitra,Cash Plus Kenitra Wrida,22/09/19,19 Bis Lotissement Al Wafaa Kénitra,1,Jamais la
Kénitra,Cash Plus Kenitra Wrida,22/09/25,19 Bis Lotissement Al Wafaa Kénitra,1,
Kénitra,Cash Plus Kenitra Wrida,22/09/24,19 Bis Lotissement Al Wafaa Kénitra,5,
Kénitra,Cash Plus Kenitra Wrida,22/09/21,19 Bis Lotissement Al Wafaa Kénitra,5,
Kénitra,Cashplus Avenue des FAR - Kénitra,22/09/22,"RCE MANAR, MAGASIN RDC, 16 Ave des FAR Kénitra",4,
Kénitra,Chaabi Cash Kenitra Aoula Western Union Money Gram Ria,22/09/25,Lot 120 secteur El Haouzia Kénitra,1,Je suis venu c est fermé horaire nin respecté
Kénitra,Chaabi Cash Kenitra Aoula Western Union Money Gram Ria,22/09/25,Lot 120 secteur El Haouzia Kénitra,1,Horaire pas correct
Kénitra,Chaabi Cash Kenitra Aoula Western Union Money Gram Ria,22/09/25,Lot 120 secteur El Haouzia Kénitra,5,Très bon service
Kénitra,Chaabi Cash Kenitra Aoula Western Union Money Gram Ria,22/11/25,Lot 120 secteur El Haouzia Kénitra,1,
Kénitra,Chaabi Cash Kenitra Aoula Western Union Money Gram Ria,22/09/24,Lot 120 secteur El Haouzia Kénitra,5,
Kénitra,Cash Plus Kenitra Embassy,22/09/25,"ANGLE RUE MLY ABDELLAH ET, Rue Mohamed Abdou Kénitra",1,"Service nul, mera 7alin mera sadin, lkhedma dyala lgana."
Kénitra,Cash Plus Saknia Kenitra,22/09/24,117 Boulevard Al Massira Saknia Kénitra,5,"Service excellent et personnel jeune et très compétent, que Dieu les bénisse."
Kénitra,Cash Plus Saknia Kenitra,22/09/19,117 Boulevard Al Massira Saknia Kénitra,5,Service rapide et efficace
Kénitra,"Damane Cash Kénitra Moulay Abdelaziz ,( Poids lourd )Western Union ويسترن يونيون , MoneyGram , RIA .Billets de CTM ; CNSS",22/09/23,Av. Moulay Abdelazziz Kénitra,5,👍👍👍👍 …
Kénitra,"Damane Cash Kénitra Moulay Abdelaziz ,( Poids lourd )Western Union ويسترن يونيون , MoneyGram , RIA .Billets de CTM ; CNSS",22/09/24,Av. Moulay Abdelazziz Kénitra,5,Bon service. Merci.
Kénitra,Cash Plus Khabbazat Kenitra,22/09/24,115 Av. Mohamed V Kénitra,1,"C'est ma première expérience avec ce soit disant transport et messagerie, j'appelle pas de réponse, suivie des colliers via leur application n'avance a rien et pourtant les gens s'adressent à leurs services qui sont trop antiques.sauf les transferts et paiement des factures."
Kénitra,Cash Plus Khabbazat Kenitra,22/09/24,115 Av. Mohamed V Kénitra,1,Service tres nul 🤮🤮 …
Kénitra,Cash Plus Khabbazat Kenitra,22/09/21,115 Av. Mohamed V Kénitra,1,Service nul de chez nul
Kénitra,Cash Plus Khabbazat Kenitra,22/09/25,115 Av. Mohamed V Kénitra,1,Service nul
Kénitra,Cash Plus Khabbazat Kenitra,22/09/25,115 Av. Mohamed V Kénitra,1,👎🏻👎🏻👎🏻👎🏻 …
Kénitra,Damane cash haddada kenitra,22/08/26,797G+36H lotiss haddada Kénitra,5,Fermeture cette semaine
Kénitra,Damane cash haddada kenitra,22/01/26,797G+36H lotiss haddada Kénitra,5,
Kénitra,Damane cash haddada kenitra,22/11/25,797G+36H lotiss haddada Kénitra,5,
Kénitra,Damane cash haddada kenitra,22/09/25,797G+36H lotiss haddada Kénitra,5,
Kénitra,Damane cash haddada kenitra,22/09/21,797G+36H lotiss haddada Kénitra,5,
Kénitra,Damane Cash Kenitra ( RAK ),22/09/23,Mag 1 lot maghreb arabi Kénitra,5,Une belle Agence Avec un tres bon Service!
Kénitra,Damane Cash Kenitra ( RAK ),22/09/23,Mag 1 lot maghreb arabi Kénitra,5,Très bon service et la conseillère est à l'écoute et elle vous trouve toujours une solution
Kénitra,Damane Cash Kenitra ( RAK ),22/08/26,Mag 1 lot maghreb arabi Kénitra,1,Khouya makat7olch nhra l7ed madirch f googl maps bli rak ouvert
Kénitra,Wafa Immobilier (Agence Kenitra Principale),22/08/26,7C6C+X5C، Rue Omar Rifi Kénitra,1,
Kénitra,Wafa Immobilier (Agence Kenitra Principale),22/09/25,7C6C+X5C، Rue Omar Rifi Kénitra,5,
Kénitra,Wafa Immobilier (Agence Kenitra Principale),22/09/22,7C6C+X5C، Rue Omar Rifi Kénitra,5,
Kénitra,Wafa Immobilier (Agence Kenitra Principale),22/09/21,7C6C+X5C، Rue Omar Rifi Kénitra,5,
Kénitra,Wafa Immobilier (Agence Kenitra Principale),22/09/20,7C6C+X5C، Rue Omar Rifi Kénitra,5,
Kénitra,Cash Plus Kenitra Med 5,22/02/26,12-3 AVE MED 5 Kénitra,1,Vous annoncez que vous travaillé le dimanche. Mais toujours fermé. Svp mettez a jour vos infos partagés !!
Kénitra,Cash Plus Kenitra Med 5,22/09/25,12-3 AVE MED 5 Kénitra,1,"En fait, quand je vais voir Kenji pour lui demander de l'argent, je le trouve toujours en train de travailler, mais pas aux heures où il est censé travailler."
Kénitra,Poste Maroc,22/09/24,7C5Q+JGW Diour makhzen Kénitra,1,Mauvaise service..... Nul
Kénitra,Poste Maroc,22/09/22,7C5Q+JGW Diour makhzen Kénitra,1,Mauvais service 😡 …
Kénitra,Poste Maroc,22/09/17,7C5Q+JGW Diour makhzen Kénitra,3,Petite Agence
Kénitra,Poste Maroc,22/09/22,7C5Q+JGW Diour makhzen Kénitra,5,👌👌👌 …
Kénitra,Poste Maroc,22/01/26,7C5Q+JGW Diour makhzen Kénitra,5,
Kénitra,"Damane Cash Kenitra Maamora Hansali ( Western Union , MoneyGram , RIA )",22/09/25,22 rue Mohamed El Hansali Rayan 4 boutique n 3 Maamora Kenitra Principal Kénitra,5,"damane cash est un service rapide , je remercie damane pay agent si Zakaria qui est serviable , ضمان كاش me facilite mes transactions depuis l’europe ! On m'a conseillé le damane pay , #kenitra meteo .j’ai trouvé l’agence en centre de ville …"
Kénitra,"Damane Cash Kenitra Maamora Hansali ( Western Union , MoneyGram , RIA )",22/09/25,22 rue Mohamed El Hansali Rayan 4 boutique n 3 Maamora Kenitra Principal Kénitra,5,Agence serviable avec un excellent service !
Kénitra,"Damane Cash Kenitra Maamora Hansali ( Western Union , MoneyGram , RIA )",22/09/25,22 rue Mohamed El Hansali Rayan 4 boutique n 3 Maamora Kenitra Principal Kénitra,5,Très bon service !
Kénitra,"Damane Cash Kenitra Maamora Hansali ( Western Union , MoneyGram , RIA )",22/09/25,22 rue Mohamed El Hansali Rayan 4 boutique n 3 Maamora Kenitra Principal Kénitra,5,Bon service
Kénitra,"Damane Cash Kenitra Maamora Hansali ( Western Union , MoneyGram , RIA )",22/09/25,22 rue Mohamed El Hansali Rayan 4 boutique n 3 Maamora Kenitra Principal Kénitra,5,Excellent !
Kénitra,Banque Populaire,22/09/25,Rue 11 Kénitra,1,Ça mérite même pas une étoile pour faire l'échange de monnaie euro les personnes qui travaillent sont pas professionnel une discrimination contre MRE   personnes yonnes pas pas du tout professionnel au contraire je lui montrais ma carte …
Kénitra,Banque Populaire,22/10/25,Rue 11 Kénitra,1,mauvaise expérience. Une heure de retard sans explication ni excuse. Un manque total de professionnalisme et de respect pour le temps des clients. Très déçu 😞 …
Kénitra,Banque Populaire,22/09/18,Rue 11 Kénitra,3,moyen
Kénitra,Banque Populaire,22/09/24,Rue 11 Kénitra,1,Service nul
Kénitra,Banque Populaire,22/09/16,Rue 11 Kénitra,3,Passable
Kénitra,Cash Plus Taibia Kenitra,22/09/21,"N° 3, BOUTIQUE, 193 Kénitra",1,"service dégelasse , service client reste à désirer"
Kénitra,Cash Plus Taibia Kenitra,22/09/24,"N° 3, BOUTIQUE, 193 Kénitra",1,Personnel arrogant à éviter
Kénitra,Damane Cash Kénitra Khabazat,22/09/25,26 Rue 35 Kénitra,1,Sf haydti lmahal haydo hta mn google maps
Kénitra,Damane Cash Kénitra Khabazat,22/09/24,26 Rue 35 Kénitra,1,
Rabat,Bank Al-Maghrib,22/09/18,277 Av. Mohammed V Rabat,5,"Très beau musée, bien agencé avec une exposition détaillée sur la monnaie, une exposition permanente de tableaux d’artistes marocains et une exposition temporaire. Gratuit le vendredi pour les marocains  et les résidents"
Rabat,Bank Al-Maghrib,22/09/20,277 Av. Mohammed V Rabat,5,"J'ai visité hier ce musée. Je le recommande vivement aux enfants accompagnés d'un encadrant (parent, instituteur ou autre....), aux lycéens, aux étudiants, aux touristes locaux et étrangers qui s'intéressent à l'histoire de la monnaie , aux …"
Rabat,Bank Al-Maghrib,22/09/23,277 Av. Mohammed V Rabat,5,Magnifique édifice transformé en musée
Rabat,Bank Al-Maghrib,22/09/21,277 Av. Mohammed V Rabat,4,"Un incontournable dans une visite à Rabat, ce lieux est fascinant et tellement riche par ses collections unique, je n'y suis resté que 2 heures et c'est bien peu pour apprécier le lieu, il faudrait plusieurs heures pour l'apprécier en …"
Rabat,Bank Al-Maghrib,22/09/19,277 Av. Mohammed V Rabat,5,"Immanquable et insolite. Très intéressant pour les passionnés.
Lieu chargé d'histoire, cela reste toujours un moment agréable a faire découvrir ou à revivre."
Rabat,BMCE BANK Agence Rabat Centrale,01/09/26,260 Av. Mohammed V Rabat,5,"Agence Bank of Africa Rabat Central très bien située et facile à repérer. Le bâtiment se distingue par sa belle architecture marocaine, avec des arches et des détails en mosaïque qui lui donnent beaucoup de caractère. L’agence est spacieuse …"
Rabat,BMCE BANK Agence Rabat Centrale,22/12/25,260 Av. Mohammed V Rabat,5,"Je tiens à exprimer toute ma satisfaction pour le service exceptionnel que j'ai reçu à la Bank of Africa. Je souhaite particulièrement remercier Madame Chaimae, dont l'écoute, le professionnalisme et la réactivité ont grandement facilité …"
Rabat,BMCE BANK Agence Rabat Centrale,22/09/25,260 Av. Mohammed V Rabat,1,"A quoi sert il de mettre un numero de telephone si jamais personne ne decroche ?
Pire, au bout de 3 sonneries ca raccroche"
Rabat,BMCE BANK Agence Rabat Centrale,22/09/23,260 Av. Mohammed V Rabat,1,"Depuis une semaine que j’essaie de joindre par téléphone, l’agence centrale de rabat sans resultat ,le siège à Casablanca pareil, et en France les conseillers ne peuvent rien faire et m’expédient à prendre contact vers mon agence …"
Rabat,BMCE BANK Agence Rabat Centrale,22/09/25,260 Av. Mohammed V Rabat,1,Personne ne répond au telephone. Service médiocre. Personnel incompétent
Rabat,BANK OF AFRICA RABAT HAY RIYAD,22/07/26,"Place CARRE, 7 Av. Attine Rabat",1,"Depuis quelque temps, j'hésitais à publier cet avis, mais je pense qu'il est important de partager mon expérience. …"
Rabat,BANK OF AFRICA RABAT HAY RIYAD,22/07/26,"Place CARRE, 7 Av. Attine Rabat",1,"Aucun suivi : conseillère injoignable par mail et agence qui ne répond jamais au téléphone, m'obligeant à me déplacer à plusieurs reprises pour obtenir de simples informations. Pour couronner le tout, la banque me prélève des frais de rejet …"
Rabat,BANK OF AFRICA RABAT HAY RIYAD,08/09/26,"Place CARRE, 7 Av. Attine Rabat",3,Une seule personne au guichets. Ce qui engendre une longue attente. Cela dit j'ai pu régler mes besoins
Rabat,BANK OF AFRICA RABAT HAY RIYAD,22/04/26,"Place CARRE, 7 Av. Attine Rabat",5,La remise de chèques dans le GAB est présentr au niveau de l'agence
Rabat,BANK OF AFRICA RABAT HAY RIYAD,22/09/21,"Place CARRE, 7 Av. Attine Rabat",1,"La qualité des services est lamentable.
4 mois que j'attends le retour du service client sur une erreur liée au distributeur qui m'a imputé de l'argent de mon compte sans que ça sorte. Désintérêt et lenteur totale du service client qui s'en fout royalement que mon argent ne me soit pas rendue."
Rabat,Umnia Bank Rabat Al Manal,22/07/26,"Extension Cité, 359, Amal 4 Rabat",5,"Excellente expérience dans cette agence. Toute l'équipe est accueillante, professionnelle et toujours à l'écoute. Une mention spéciale au chef d'agence pour son leadership, sa disponibilité et la qualité de son accompagnement. Un grand merci à toute l'équipe pour son excellent travail !"
Rabat,Umnia Bank Rabat Al Manal,22/06/26,"Extension Cité, 359, Amal 4 Rabat",5,"Je souhaite exprimer toute ma reconnaissance à Monsieur Omar, Directeur de Bank umnia pour son professionnalisme exemplaire et sa grande qualité humaine. …"
Rabat,Umnia Bank Rabat Al Manal,22/06/26,"Extension Cité, 359, Amal 4 Rabat",5,"Je tiens à remercier chaleureusement Monsieur Omar ZAITOUNI pour son professionnalisme, sa disponibilité et ses précieux conseils lors de l’achat de ma voiture. …"
Rabat,Umnia Bank Rabat Al Manal,22/11/25,"Extension Cité, 359, Amal 4 Rabat",5,"Je tiens à adresser mes sincères remerciements à toute l’équipe de l’agence AL MANAL CYM RABAT pour son professionnalisme, son écoute et son engagement .
Un grand merci à Monsieur Omar ZAITOUNI, directeur de la banque, pour son …"
Rabat,Umnia Bank Rabat Al Manal,22/06/26,"Extension Cité, 359, Amal 4 Rabat",5,"Exceptionnel ! L'agence de Umnia Bank Rabat Al Manal place la barre très haut en termes de service client. Rapidité, clarté et accueil chaleureux. Je recommande vivement cette agence à tous ceux qui recherchent la sérénité et l'excellence dans la gestion de leurs finances. Une équipe au top"
Rabat,Banque Populaire,22/10/25,"2587+6XX, Av. Mohammed V Rabat",1,Alors avis aux supérieurs de la sécurité jusqu’au conseillers votre agence est mal géré on ne respecte pas le tour des gens certaines personnes se présentent dise bonjour presque font la bise à ceux qui y travaillent et les font passer …
Rabat,Banque Populaire,22/09/24,"2587+6XX, Av. Mohammed V Rabat",1,Qualité service laisse à désirer. Standardistes ne répondent même pas. Personnel peu professionnel. Quelques employés arrogants. Bref je dois changer d agence voire de banque
Rabat,Banque Populaire,22/09/21,"2587+6XX, Av. Mohammed V Rabat",1,"Manque de professionnalisme, manque de réactivité. Pas d'accueil, un standard qui ne fait pas son travail et un personnel incompétent..
je vous déconseille fortement cette agence.."
Rabat,Banque Populaire,22/09/25,"2587+6XX, Av. Mohammed V Rabat",1,Jamais répondez a vos clients soit au maroc soit à l’étranger c’est une honte vraiment
Rabat,Banque Populaire,22/09/17,"2587+6XX, Av. Mohammed V Rabat",4,"Agence bien placée au centre ville. Ancien client (+ de 10 ans) de cette agence, jamais déçu par la qualité de service malgré les longues files récurrentes à cause de l'emplacement de l'agence. Seul hic, le stationnement..."
Rabat,BANK OF AFRICA RABAT CENTRALE,22/09/23,260 Av. Mohammed V Rabat,1,Impossible de répondre au Téléphone pour avoir des renseignements.
Rabat,BANK OF AFRICA RABAT CENTRALE,22/09/25,260 Av. Mohammed V Rabat,1,des fantômes !
Rabat,BANK OF AFRICA RABAT CENTRALE,22/06/26,260 Av. Mohammed V Rabat,3,"Le plus grand quartier de Meknès, Al-Zaytoun, regorge de banques, dont BMCE Bank Africa. Pourquoi ?"
Rabat,BANK OF AFRICA RABAT CENTRALE,22/09/25,260 Av. Mohammed V Rabat,1,La pire banque du Maroc. Le pire service client que j'aie jamais vu.
Rabat,BANK OF AFRICA RABAT CENTRALE,22/09/24,260 Av. Mohammed V Rabat,5,"Banque d'Afrique Dior Al Jamaa, rue Hassan II"
Rabat,BANK OF AFRICA RABAT IBNOU SINA,22/06/26,32 ANGLE AV MICHLIFEN ET، R. Honain Rabat,1,"Je souhaite signaler un mauvais comportement au sein de l’agence Bank of Africa Agdal. Une employée passait du temps sur son téléphone personnel pendant le service, ce qui causait un retard important pour les clients. Merci de prendre les mesures nécessaires pour améliorer la qualité du service."
Rabat,BANK OF AFRICA RABAT IBNOU SINA,22/01/26,32 ANGLE AV MICHLIFEN ET، R. Honain Rabat,1,"Du Jamais vu 🙈 et uniquement chez la BMCE Bank :
Pour un chèque d’un montant de 9.000,00 MAD, la BMCE Bank / Bank of Africa m’a prélevé 44,00 MAD de frais de décaissement, soit environ 0,50 % du montant du …"
Rabat,BANK OF AFRICA RABAT IBNOU SINA,22/09/25,32 ANGLE AV MICHLIFEN ET، R. Honain Rabat,1,"On est arrivé pour un crédit immobilier, voici le type d’accueil: on a été dirigé vers Mme Layla. La dame était sur son cellulaire personnel entrain de mâcher la gomme ( pas du tout professionnel ni digne d’une banque). On avait une dame …"
Rabat,BANK OF AFRICA RABAT IBNOU SINA,22/06/26,32 ANGLE AV MICHLIFEN ET، R. Honain Rabat,1,"J'ai retiré un chèque de l'agence Agdal de Rabat et je voulais l'encaisser à l'agence de Larache, mais on m'a dit que je devais attendre qu'ils envoient un courriel à Agdal et reçoivent une réponse. Étranges choses à l'ère de l'IA."
Rabat,BANK OF AFRICA RABAT IBNOU SINA,22/10/25,32 ANGLE AV MICHLIFEN ET، R. Honain Rabat,1,"Nous sommes arrivés chez eux et ils ont dit que le système était en panne, haha"
Rabat,CFG Bank - Agence Rabat Souissi,22/02/26,Km 3.5 Av. Mohammed VI Rabat,1,"Depuis plusieurs mois, il est impossible de télécharger les relevés bancaires. L’option est bien présente sur l’interface desktop, mais lorsqu’on clique dessus, une fenêtre grise s’ouvre sans qu’aucun document ne s’affiche. …"
Rabat,CFG Bank - Agence Rabat Souissi,22/09/25,Km 3.5 Av. Mohammed VI Rabat,1,"Je suis extrêmement déçu par le service offert par cette agence. Pour certifier un chèque, j'ai suivi leurs instructions et soumis une demande comme demandé. Cependant, ils ont exigé que cette demande soit rédigée sur un papier à en-tête, …"
Rabat,CFG Bank - Agence Rabat Souissi,22/09/22,Km 3.5 Av. Mohammed VI Rabat,1,"Horrible experience, 45 min pour arriver a la caisse, 4 caisses de disponible, une personne qui travaille. Un accueil très froid."
Rabat,CFG Bank - Agence Rabat Souissi,22/09/25,Km 3.5 Av. Mohammed VI Rabat,1,Une banque un peu amateur. Nous gardons just le compte jusqu'a la fin de l'engagement annuel mais sinon nous ne l'utilisons plus. Prix exhorbitants pour un manque d'information et service defaillant. Il n'y a que les fauteuils qui sont bien.
Rabat,CFG Bank - Agence Rabat Souissi,22/09/25,Km 3.5 Av. Mohammed VI Rabat,1,"30 minutes pour être reçu par une conseillère, puis une bonne heure d'attente pour avoir une réponse.  Je m'en vais.  Je ne recommande pas."
Rabat,Agence BMCE Rabat IBN SINA,01/09/26,X5V2+5XG Rabat,1,"Ne répondent pas au téléphone, ils sont injoignables même par le service client BMCE car plusieurs réclamations faites et Silence radio de leur part !
Demande d'envoi de carte entre deux agences BMCE faite depuis 3 mois !! Et la …"
Rabat,Agence BMCE Rabat IBN SINA,22/09/25,X5V2+5XG Rabat,1,ya 15 jours j'ai fait une réclamation officielle en appelant le service d'urgence de Casablanca pour la levée de mon hypothèque et je n'ai toujours pas obtenu satisfaction. Mon emprunt s'est terminé fin juillet 2024 et ça fait 3 mois que …
Rabat,Agence BMCE Rabat IBN SINA,22/09/17,X5V2+5XG Rabat,1,"La pire agence bancaire que j'ai eu l'occasion de côtoyer. Si vous voulez un traitement exécrable de vos affaires c'est bien ici qu'il faut aller. Notre chère administration rbati s'améliore, mais cette agence à pris la relève. Je vais …"
Rabat,Agence BMCE Rabat IBN SINA,22/09/24,X5V2+5XG Rabat,1,"Je partage les avis
Service minable, personnel nul, insolent et incompétent .
Il vaut mieux fermer cette boutique,"
Rabat,Agence BMCE Rabat IBN SINA,22/09/22,X5V2+5XG Rabat,1,"Bonjour,
De se déplacer de bouznika jusqu'à Rabat pour effectuer une opération et après on me.dit le système ne fonctionne pas, franchement il faut revoir votre système défectueux car ce n'est pas la première fois, et je ne vais pas tarder à changer de banque"
Rabat,CIH Banque,22/05/26,"KM 3, Avenue Mohamed VI, 5 Rue du Rif Rabat",1,Une agence où se trouve une vieille dame qui ne connaît qu’une seule phrase : « Il y a un problème dans le système. » …
Rabat,CIH Banque,22/07/26,"KM 3, Avenue Mohamed VI, 5 Rue du Rif Rabat",1,"Je suis très déçu par le service de l’agence Souissi. Presque à chaque visite pour effectuer un versement, je fais face à un problème de système, ce qui entraîne de longues attentes et une perte de temps. Cette situation se répète trop …"
Rabat,CIH Banque,22/09/25,"KM 3, Avenue Mohamed VI, 5 Rue du Rif Rabat",1,Je pense que la CIH est la banque la plus médiocre au Maroc après mon expérience à cih hay riad bd ennakhil et je pense que de toute manière vous vous êtes habitué aux réclamations et que la notoriété de votre banque ne vous importe plus
Rabat,CIH Banque,22/09/25,"KM 3, Avenue Mohamed VI, 5 Rue du Rif Rabat",1,"A chaque fois, ils ont besoin de prendre une pause, ils disent que le systeme est bloque hh, cette excuse vrm marche partout. J ai attendu 4h et lorsqu ils ont voulu ferme, ils ont virer tt le monde en dehors d l agence. shame on you w salaam."
Rabat,CIH Banque,22/09/23,"KM 3, Avenue Mohamed VI, 5 Rue du Rif Rabat",1,Est-ce indispensable de prendre une après-midi entière pour déposer un chèque ??? C'est insupportable cette impression que personne ne daigne s'occuper du client. Je suis furieuse !
Rabat,CIH Bank,22/09/25,47 Av. Allal Ben Abdellah Rabat,1,"Je ne recommande pas cette banque. Ils m'ont volé 200 Dh lors d’un retrait incomplet sur un GAB. Après deux réclamations, puis une troisième via le 4747, silence radio de la conseillère. Ils ont finalement décidé de ne pas me rembourser les …"
Rabat,CIH Bank,22/07/26,47 Av. Allal Ben Abdellah Rabat,1,La pire agence cih de tout rabat
Rabat,CIH Bank,22/09/19,47 Av. Allal Ben Abdellah Rabat,2,... lol j'ai déjà fermer le compte et apres des moins ils m'ont dit que le compte n'a pas été fermer. …
Rabat,CIH Bank,22/12/25,47 Av. Allal Ben Abdellah Rabat,5,"Les conseillères sont professionnelles, patientes et prennent vraiment le temps d'écouter et de répondre à nos questions."
Rabat,CIH Bank,22/09/25,47 Av. Allal Ben Abdellah Rabat,1,"Fin de service à 14h15 car c'est l'horaire ramadan !! Mais c'est une blague ?
Service pas sérieux, je ne recommande pas"
Rabat,Bank Al Yousr Agence Rabat Ville,22/05/26,8Bis Place des Alaouites Rabat,4,"La plus mauvaise expérience que j'ai jamais vu , le premier jour le sourire et le bon accueil et après vous allez recevoir le plus mauvais service que vous pouvez imaginer, ils répondent même pas a vos appels exprès donc vous devez annuler …"
Rabat,Bank Al Yousr Agence Rabat Ville,22/05/26,8Bis Place des Alaouites Rabat,1,
Rabat,Attijariwafa Bank,22/09/22,"C.y.m, 959 Av. Al Massira Rabat",1,"Service minable, je me présente a 9h30 du matin pour un chèque on me dit qu'ils sont dn train de mettre un produit covid dans l'agence, faut revenir 1 heure plus tard !!! Il est midi 15 et toujours rien, Lundi avec un réveil plutôt difficile pour les pauvres employés a ce qu'il paraît !!! La clientèle on s'en fout !!!"
Rabat,Attijariwafa Bank,22/09/24,"C.y.m, 959 Av. Al Massira Rabat",1,Nuuuuuul. Le plus mauvais service que vous pouvez trouver chez une agence bancaire.
Rabat,Attijariwafa Bank,22/09/24,"C.y.m, 959 Av. Al Massira Rabat",5,je suis très content du service...
Rabat,Attijariwafa Bank,22/09/21,"C.y.m, 959 Av. Al Massira Rabat",1,Nuuuuuuuuule une semaine wana kan3yat 3la wad carte mchat liya aucun rpd
Rabat,Attijariwafa Bank,22/11/25,"C.y.m, 959 Av. Al Massira Rabat",5,Bon service
Rabat,Attijariwafa Bank,22/02/26,"X495+6RV, Av. Al Majd Rabat",1,"Tres mauvaise expérience
Personnelle 0"
Rabat,Attijariwafa Bank,22/03/26,"X495+6RV, Av. Al Majd Rabat",1,Tres mauvaise expérience
Rabat,Attijariwafa Bank,22/09/22,"X495+6RV, Av. Al Majd Rabat",1,Personnel n'est pas à la hauteur d'une banque comme Attijariwafa bank
Rabat,Attijariwafa Bank,22/09/19,"X495+6RV, Av. Al Majd Rabat",3,Est ce que vous avez un service wafacash ?
Rabat,Attijariwafa Bank,22/09/18,"X495+6RV, Av. Al Majd Rabat",5,Joli bank
Rabat,Banque Populaire,22/09/25,"Hassan, 148 Av. Hassan II Rabat",1,"Depuis le départ de l’ancienne équipe, nous constatons un manque flagrant de professionnalisme. Aucun retour fiable n’a été fourni à ce jour, et les documents transmis ne sont ni complets ni correctement établis. En tant que résidents à …"
Rabat,Banque Populaire,22/01/26,"Hassan, 148 Av. Hassan II Rabat",1,"C'est la pire des banques que j'ai jamais vu.
injoignable par téléphone et toute l'équipe sont des incompétents"
Rabat,Banque Populaire,22/09/23,"Hassan, 148 Av. Hassan II Rabat",1,Je pense que c'est le pire de banque que j'ai jamais vue il ne travaille que 5 heures par jour et à 9h25 le vieil homme attend toujours pour ouvrir il ne lui donne pas de siège sur une chaise il ferme la partie devant lui  (voir photo) c gravvvv
Rabat,Banque Populaire,22/09/21,"Hassan, 148 Av. Hassan II Rabat",1,"Personne au téléphone, pas d'horaire sur internet...
C'est quoi ça c'est un banque?
On a l'impression que tout est fait pour ne pas trop travailler. Votre banque …"
Rabat,Banque Populaire,22/09/25,"Hassan, 148 Av. Hassan II Rabat",1,"Aucune réponse par téléphone
Ça ressemble à une moquataa
C'est pas une banque aucun professionnalisme, je clôture mon compte 0/0"
Rabat,"Al Barid Bank, Agence Agdal",22/07/26,"X5X2+P4X, Av. Fal Ould Oumeir Rabat",1,"Comment se fait qu'un Service (courrier recommandé) est carrément suspendu, en raison que le monsieur chargé, est en congé ??
Une moquerie.."
Rabat,"Al Barid Bank, Agence Agdal",22/02/26,"X5X2+P4X, Av. Fal Ould Oumeir Rabat",1,"Très mauvaise expérience avec Al Barid Bank. Gestion des dossiers lente et désorganisée, aucun suivi sérieux. Service clientèle peu professionnel et pas à l’écoute. Perte de temps inutile pour le client."
Rabat,"Al Barid Bank, Agence Agdal",22/09/22,"X5X2+P4X, Av. Fal Ould Oumeir Rabat",1,Personnel aigri. 30 min d’attente pour mon colis alors que y’a personne à l’agence sauf le le directeur qui pianotait sur son tel et ordinateur au lieu de faire un petit geste et se lever pour voir cette cliente qui attend sous prétexte que …
Rabat,"Al Barid Bank, Agence Agdal",22/09/24,"X5X2+P4X, Av. Fal Ould Oumeir Rabat",1,Personne à l'agence en heure de pointe. 45 min d’attente pour envoyer un courrier. A fuir
Rabat,"Al Barid Bank, Agence Agdal",22/09/22,"X5X2+P4X, Av. Fal Ould Oumeir Rabat",1,"Mauvais service et délai d'attente trop long devant la porte.
System toujours en panne et caissiers souvant en pause...je galére à chaque fois que je visite cette agence...
""Une étoile car il n y a pas 0"""
Rabat,Crédit du Maroc,22/04/26,"259C+6F6, Pl. de l'Union Africaine Rabat",1,", je constate un manque de communication et d’accompagnement envers les clients. De plus, les guichets automatiques sont fréquemment hors service, ce qui engendre des désagréments importants au quotidien. Par ailleurs, il est …"
Rabat,Crédit du Maroc,22/12/25,"259C+6F6, Pl. de l'Union Africaine Rabat",1,"Une agence que je ne vous recommande absolument pas. Des services en dessous de tout et un traitement très mauvais.
Mon expérience avec cette agence bancaire a été vraiment décevante. J’ai demandé …"
Rabat,Crédit du Maroc,22/12/25,"259C+6F6, Pl. de l'Union Africaine Rabat",1,"Je me permets de vous adresser cette réclamation concernant une situation vécue récemment dans l’une de vos agences.
En date du (27/11/2025), je me suis présentée à l’agence Crédit du Maroc de …"
Rabat,Crédit du Maroc,22/04/26,"259C+6F6, Pl. de l'Union Africaine Rabat",5,"J'ai été très bien accueilli ici, un service vraiment excellent ! L'équipe est super sympa et à l'écoute. Je recommande vivement cet endroit. 👍 C'était une expérience formidable ✨😊 …"
Rabat,Crédit du Maroc,22/09/25,"259C+6F6, Pl. de l'Union Africaine Rabat",1,J’ai effectué une opération sur gab crédit du Maroc place de l’union Africaine sans aucune obstruction sauf mon argent ne sort pas j’ai regardé à l’intérieur personne
Rabat,La Banque Mondiale,22/09/24,7 Rue Larbi Ben Abdellah Rabat,5,
Rabat,La Banque Mondiale,22/09/20,7 Rue Larbi Ben Abdellah Rabat,4,
Rabat,La Banque Mondiale,22/09/18,7 Rue Larbi Ben Abdellah Rabat,4,
Rabat,La Banque Mondiale,22/09/17,7 Rue Larbi Ben Abdellah Rabat,4,
Rabat,Attijariwafa Bank,22/09/25,"X43G+FCC, Av. Azzaitoun Rabat",1,"Si il y avait une note moins je l'aurais donné.  La direction de cette agence est une arnaqueuse, ils veulent faire du chiffre, octroie de package sans accord, vente de carte gold en occultant les informations essentielles, .. service nul, …"
Rabat,Attijariwafa Bank,22/09/25,"X43G+FCC, Av. Azzaitoun Rabat",1,"Mieux vaut éviter cette agence. Je rencontre toujours des difficultés pour résoudre des services simples, alors que tout se passe sans problème lorsque je me rends dans une autre agence."
Rabat,Attijariwafa Bank,22/05/26,"X43G+FCC, Av. Azzaitoun Rabat",5,Équipe très professionnelle et à l'écoute
Rabat,Attijariwafa Bank,22/09/24,"X43G+FCC, Av. Azzaitoun Rabat",1,"Cet endroit a Beaucoup changé, personnel devenu très froid,pas du tout accueillant, courant dans tout les sens ,hausse des prix sans aucune amélioration. Dommage c'était un endroit très sympa"
Rabat,Attijariwafa Bank,22/09/23,"X43G+FCC, Av. Azzaitoun Rabat",5,"Agence Bancaire conviviale, le personnel est au petit soin et très disponible, beaucoup de places pour stationnement et des horaires adéquats grâce au libre service disponible jusqu'à 21 heures chaque soir en semaine"
Rabat,Attijariwafa Bank Direction Régionale,22/09/24,"X5MC+XHW, Av. Mohammed VI Rabat",1,"Le service client s'est tellement dégradé qu'on peut le qualifier de catastrophique.
Personne pour s'occuper de vous, une conseillère toujours absente, en pause déj …"
Rabat,Attijariwafa Bank Direction Régionale,22/09/24,"X5MC+XHW, Av. Mohammed VI Rabat",1,"Je souhaite partager mon expérience décevante avec la banque . Depuis l'arrivée d'une nouvelle recrue,  « sorcière », la gestion de la banque s'est considérablement détériorée. Il est devenu pratiquement impossible de travailler avec eux. …"
Rabat,Attijariwafa Bank Direction Régionale,22/09/24,"X5MC+XHW, Av. Mohammed VI Rabat",2,"Pour un compte RME, je ne trouve pas le pack  zéro dirham pour ma retraite qui vient de Belgique, les frais sont énormes, pour les pensionnés...et les contrats sont très ambigus...j h esites à être cliente chez cette banque...Quelqu un de pensionné peut m éclairer svp, pour une banque qui sert le mieux les RME...COrdialement merci"
Rabat,Attijariwafa Bank Direction Régionale,22/10/25,"X5MC+XHW, Av. Mohammed VI Rabat",1,"Attijari pay est une vraie arnaque
Dossier demande TPE depuis mois août sans réactivité
C'est vraiment honteux !"
Rabat,Attijariwafa Bank Direction Régionale,22/09/22,"X5MC+XHW, Av. Mohammed VI Rabat",1,"Le guichet de tijari Wafa banque se Sala aljadida n'est fonctionnel qu'un jour sur 2 Et HS le weekend c'est inadmissible beaucoup de gens se plaignent surtout que le CIH a cote fonctionne et en plus en doit payer les 06dh chez les confrères,et le chef d'agence ne répond pas à nos réclamation ,merci de réparer le guichet"
Rabat,Banque Populaire,22/01/26,X46M+69W Rabat,1,Ils repondent pas au telephone. Pourquoi vous avez une ligne alors ? Supposant le client est a l etranger ou dans une autre ville et il veut commander un chequier oar exemple. Est ce qu il doit se deplacer pour commander et se deplacer pour le recuperer ? Service a la clientele de merde.
Rabat,Banque Populaire,22/03/26,X46M+69W Rabat,1,Services clients injoignable même pour les marocains résidents à l’étranger
Rabat,Banque Populaire,22/09/22,X46M+69W Rabat,3,"L'agent de sécurité te donne un numéro d'attente mais les machines figurant les numéros ne marchent plus. Les box de virement, retrait et change ne sont pas indiqués. A améliorer."
Rabat,Banque Populaire,22/05/26,X46M+69W Rabat,1,System ne marche jamais
Rabat,Banque Populaire,22/09/23,X46M+69W Rabat,1,"service trop lent et ça dure depuis des années! c'est décidé, je change d'agence et espère trouver mieux ailleurs!"
Rabat,Attijariwafa Bank,22/09/25,"25CF+C6C, Av. Moulay Ismail Rabat",1,"Mon passage à cette agence s'est révélé très décevant. Malgré une écoute apparente du conseiller et des promesses de résolution rapide de mon problème, aucune action concrète n'a été prise après un mois d'attente. …"
Rabat,Attijariwafa Bank,22/08/26,"25CF+C6C, Av. Moulay Ismail Rabat",1,"Service null , ne repond pas au téléphone"
Rabat,Attijariwafa Bank,22/09/21,"25CF+C6C, Av. Moulay Ismail Rabat",1,"Madame la Directrice de l'Agence,
Il y a 2 semaines le GAB de votre agence qui ne fonctionnait pas correctement a capturé plusieurs cartes de plusieurs clients (en notrr présence) dont celle de …"
Rabat,Attijariwafa Bank,22/08/26,"25CF+C6C, Av. Moulay Ismail Rabat",1,Nul distributeur vide
Rabat,Attijariwafa Bank,22/09/18,"25CF+C6C, Av. Moulay Ismail Rabat",5,"En général, le service chez Attijariwafa Bank est professionnel"
Rabat,CFG Bank - Agence Rabat Hassan,22/07/26,4 Av. d'Alger Rabat,5,"Très bonne expérience avec la banque et les produits proposés. Une mention toute particulière à notre conseillère, Madame Mhamdi Hiba, qui fait toute la différence. Elle nous accompagne aussi bien dans la gestion de nos comptes personnels …"
Rabat,CFG Bank - Agence Rabat Hassan,22/07/26,4 Av. d'Alger Rabat,5,"Un service d’une qualité remarquable, porté par un professionnalisme exemplaire et un véritable sens de l’accompagnement. Je tiens à remercier tout particulièrement Mme Oumnia pour son écoute attentive, sa disponibilité constante et la …"
Rabat,CFG Bank - Agence Rabat Hassan,22/07/26,4 Av. d'Alger Rabat,5,"« Parmi les meilleures banques de la place. Un accueil de qualité, un service réactif et un accompagnement professionnel. Une mention particulière à Mme Mhamdi, dont la disponibilité, l’écoute et le professionnalisme font toute la différence dans la gestion de la relation client. »"
Rabat,CFG Bank - Agence Rabat Hassan,22/02/26,4 Av. d'Alger Rabat,1,"Depuis plusieurs mois, il est impossible de télécharger les relevés bancaires. L’option est bien présente sur l’interface desktop, mais lorsqu’on clique dessus, une fenêtre grise s’ouvre sans qu’aucun document ne s’affiche. …"
Rabat,CFG Bank - Agence Rabat Hassan,22/07/26,4 Av. d'Alger Rabat,5,Tres bonne acceuil. Une banque qui place le client au centre de son attention.
Rabat,BMCE Banque,22/01/26,"257C+GFH, Av. Patrice Lumumba Rabat",1,"Service client inexistant à l’agence BMCE Bank – Rabat ( Patrice Lumumba).
Aucun appel n’a jamais été répondu malgré de nombreuses tentatives.
Les messages envoyés via l’application et par e-mail restent sans réponse. …"
Rabat,BMCE Banque,22/09/25,"257C+GFH, Av. Patrice Lumumba Rabat",1,"agence injoignable depuis des années, j'ai eu cinq numéro personne ne répond !
le conseiller ne répond pas aux appels ni au mails. la digitalisation n’existe quasiment pas au sein de vos services ,obligé de se déplacer pour une simple information. bref le pire choix de banque que vous pourriez faire."
Rabat,BMCE Banque,22/09/24,"257C+GFH, Av. Patrice Lumumba Rabat",1,"Aucune reponse de la part de la directrice qui se prend pour une déesse, mauvais comportement, ils ont leurs clients compter sur les bouts des doigts qui méritent un service VIP et les autres faut conjuguer le verbe attendre dans tous les …"
Rabat,BMCE Banque,22/09/20,"257C+GFH, Av. Patrice Lumumba Rabat",1,Service foireux. Ne répondent ni au tél ni par email. Heureusement que ce 'est pas ma banque juste à traiter une clôture de compte pour une personne décédée. Mais très mauvaise expérience. A éviter
Rabat,BMCE Banque,22/09/19,"257C+GFH, Av. Patrice Lumumba Rabat",1,Agence toujours injoignable via Téléphone. Service très moyen depuis le départ de l'ancienne directrice et l'ancien chargé de clientèle. Dommage
Rabat,Banque Populaire,22/07/26,"2523+655, Rue Baht Rabat",5,"Je suis d'accord avec le fait qu'avant, le service n'était pas à la hauteur. Mais tout cela fait partie du passé. Depuis l'arrivée du nouveau staff ces dernières années, l'expérience client a radicalement changé. …"
Rabat,Banque Populaire,22/09/19,"2523+655, Rue Baht Rabat",1,"mauvaise service,pas des gens compétents,ils font toujours des erreurs pour moi, ils envoyes mon cheque  sur le compte d'autre client"
Rabat,Banque Populaire,22/09/23,"2523+655, Rue Baht Rabat",1,"Service nul et agence en sous effectif
Pour récupérer ton argent tu dois attendre une heure et plus"
Rabat,Banque Populaire,22/09/17,"2523+655, Rue Baht Rabat",1,Service archi-nul une seule personne au comptoir pour vous servir
Rabat,Banque Populaire,22/09/18,"2523+655, Rue Baht Rabat",1,Mauvais Mauvais services dans cette agencé sincèrement 👎👎👎👎👎 …
Rabat,Attijariwafa Bank Ennakhil,22/09/25,"X43P+9H4, av. Annakhil, ang. Av. Mehdi Benbarka, Espace les lauriers, Hay Ryad Rabat",1,"Cette banque est toujours en sous-effectif, c’est pénible d’y aller ! On perd un temps fou à attendre à la caisse, comme si c’était normal de faire patienter les clients une éternité."
Rabat,Attijariwafa Bank Ennakhil,22/12/25,"X43P+9H4, av. Annakhil, ang. Av. Mehdi Benbarka, Espace les lauriers, Hay Ryad Rabat",1,"Lors de mon passage en caisse, j’ai malheureusement été confrontée à une attitude irrespectueuse de la part de la caissière ainsi que le chargé de clientèle  qui s'occupe de délivrer les cartes ( un homme proche des quarantaines) .Ce manque …"
Rabat,Attijariwafa Bank Ennakhil,22/02/26,"X43P+9H4, av. Annakhil, ang. Av. Mehdi Benbarka, Espace les lauriers, Hay Ryad Rabat",1,Si je pouvais mettre 0 jaurais mis vraiment service 0 ils sont sur leurs telephones et le pire pour un depot dargent faut attendre 1h car un seul pc et 1 personne qui gere . Faut etre plus que patient ici . Je vais changer et partir ailleurs
Rabat,Attijariwafa Bank Ennakhil,22/05/26,"X43P+9H4, av. Annakhil, ang. Av. Mehdi Benbarka, Espace les lauriers, Hay Ryad Rabat",1,Pas d’espace libre service pour poser du cash au guichet
Rabat,Attijariwafa Bank Ennakhil,22/09/24,"X43P+9H4, av. Annakhil, ang. Av. Mehdi Benbarka, Espace les lauriers, Hay Ryad Rabat",1,"Compte entreprise, gestion catastrophique.
Le virement des salaires du mois de mai, transmis le 31 mai ne sont toujours pas parvenus à mes salariés le 5 juin. …"
Rabat,Banque Assafa Ennakhil Hay Riad,22/08/26,"X46G+2PH, Av. Al Haour Rabat",1,"Service très décevant.

Ma mère a ouvert un compte à distance il y a plus de deux mois et, à ce jour, …"
Rabat,Banque Assafa Ennakhil Hay Riad,22/04/26,"X46G+2PH, Av. Al Haour Rabat",4,"Service ok. Accueil parfait.
En retard sur certains services importants comme le virement instantané."
Rabat,Banque Assafa Ennakhil Hay Riad,22/09/24,"X46G+2PH, Av. Al Haour Rabat",1,"Hypocrisie !!! je dis toujours que la mauvaise banque est Attijari Wafabank,  alors sa banque participative aussi est la mauvaise.
Arretez de mentir sur les gens, j ai fais une simulation en ligne pour l'achat d …"
Rabat,Banque Assafa Ennakhil Hay Riad,22/05/26,"X46G+2PH, Av. Al Haour Rabat",1,"Aucune réponse à nos appels téléphoniques, zéro organisation zéro très déçus"
Rabat,Banque Assafa Ennakhil Hay Riad,22/09/25,"X46G+2PH, Av. Al Haour Rabat",5,"Équipe Professionnelle, à l’écoute, disponible.
Bon emplacement de l’agence.
Très bonne qualité de service. …"
Rabat,Banque Populaire Ibn Khaldoun,22/05/26,"Hassan, 28 Av. Al Maghrib Al Arabi Rabat",1,Je ss extrêmement déçu par cette agence de la Banque Populaire à Rabat. Le niveau d’incompétence et de manque de professionnalisme est hallucinant. …
Rabat,Banque Populaire Ibn Khaldoun,22/12/25,"Hassan, 28 Av. Al Maghrib Al Arabi Rabat",1,"Je souhaite signaler que la caissière adopte un comportement inapproprié. Elle n’est jamais souriante, ni accueillante, et semble constamment dérangée lorsqu’on lui demande de l’aide. Ce type d’attitude ne correspond pas à un poste en contact direct avec les clients."
Rabat,Banque Populaire Ibn Khaldoun,22/12/25,"Hassan, 28 Av. Al Maghrib Al Arabi Rabat",1,"Guichet automatique qui ne marche depuis plus d'un mois et qui n'est toujours pas réparé, honte à vous! Le guichet m'a même avalé la carte une fois en plein weekend parce que la carte n'arriver pas à sortir vu l'état du gab, le lundi pour …"
Rabat,Banque Populaire Ibn Khaldoun,22/09/25,"Hassan, 28 Av. Al Maghrib Al Arabi Rabat",1,"Je suis déçu par le service lent et les problèmes que j'ai rencontrés avec la nerveuse caissière. Il semble que la caissière ait des difficultés avec les calculs de caisse, ce qui entraîne des retards et des interruptions de travail. Je …"
Rabat,Banque Populaire Ibn Khaldoun,22/10/25,"Hassan, 28 Av. Al Maghrib Al Arabi Rabat",1,"Là ou les clients sont a la merci des hormones périodiques des argentes.
Le service est assuré par deux fonctionnaires qui travaillent a leur rythme."
Rabat,Al Barid bank,22/05/26,"X43P+J7F, Av. Annakhil Rabat",1,Le Mr est très professionnel mais tout seul avec la cadence de travail bcp trop de monde  impossible qu'il gère solo
Rabat,Al Barid bank,22/09/25,"X43P+J7F, Av. Annakhil Rabat",1,"Soit disant une banque avec un service nul nul et nul. Il faut compter 2-3 heures pour effectuer une opération. Cerise sur le gâteau, la personne responsable du seul guichet ouvert prend sa pause de déjeuner laissant les clients attendre. …"
Rabat,Al Barid bank,22/04/26,"X43P+J7F, Av. Annakhil Rabat",1,Si il ya un 0 étoile je vais le donner a cette agence trop mauvaise service
Rabat,Al Barid bank,22/09/25,"X43P+J7F, Av. Annakhil Rabat",1,"Pour moi c'est 0 étoiles : la pire banque jamais conçue, particulièrement pour les Marocains résidents à l'étranger. Aucun moyen de vous joindre ? Ni téléphone institutionnel, ni RS, ni centre d'appel, même ma propre agence ne me répond pas …"
Rabat,Al Barid bank,22/09/23,"X43P+J7F, Av. Annakhil Rabat",1,"Je vous écris pour vous faire part d'une réclamation concernant une expérience récente avec l'un de vos agents. Le 19 mai 2023, aux alentours de 14h30, je me suis rendu à votre agence ""Albarid cash"" située au 16448--BC RABAT NAKHIL pour …"
Rabat,Attijariwafa Bank,22/07/26,Av. Michlifen Rabat,1,"Attijari Wafa Bank, c’est une honte absolue. J’ai déposé un chèque il y a trois semaines et à ce jour, rien n’a été traité. Zéro avancement, zéro suivi. Quand j’appelle ma conseillère attitrée, elle ne répond pas, elle n’a aucune position, …"
Rabat,Attijariwafa Bank,22/06/26,Av. Michlifen Rabat,1,"Personnel incompétent, incapable de  faire une opposition à ma carte bancaire!!!!! C’est honteux …."
Rabat,Attijariwafa Bank,22/05/26,Av. Michlifen Rabat,5,Les deux filles à la caisse sont très aimables et à l écoute
Rabat,Attijariwafa Bank,22/09/25,Av. Michlifen Rabat,1,"La fille  au guichet manque de professionnalisme, gestuel et comportement   hautain."
Rabat,Attijariwafa Bank,22/09/17,Av. Michlifen Rabat,4,Les chargés de caisse sont rapides et efficaces. Les chargés de clientèle et la direction ont parfois eu de mal à résoudre de tout petits problèmes.
Rabat,CIH,22/08/26,9 Rue Jabal Bouiblane Rabat,1,"Je ne comprends pas le fonctionnement de cette agence. Le personnel est rarement à son poste et semble constamment en déplacement, pendant que les clients attendent. …"
Rabat,CIH,22/05/26,9 Rue Jabal Bouiblane Rabat,5,J'ai ouvert un compte aujourd'hui sincèrement c'était très vite et très professionnel et l agent au bureau à droite était très gentille j étais très satisfaite merci
Rabat,CIH,22/09/25,9 Rue Jabal Bouiblane Rabat,1,"À chaque fois que je viens ici, je rencontre un problème, surtout à cette heure-là. J'écris plus de 40 minutes avant la fermeture, mais c'est toujours hors service. Fermez-le. Ils diront que c'est mieux que sa présence."
Rabat,CIH,22/09/18,9 Rue Jabal Bouiblane Rabat,1,"Je suis un nouveau client et je n'ai pas encore récupéré ma carte bancaire, dès que j'arrive à l'agence je dois à chaque fois patienter 30 à 40 min pour qu'un conseiller se libère et m'informe par la suite que la connexion est très lente et …"
Rabat,CIH,22/10/25,9 Rue Jabal Bouiblane Rabat,1,"Fuyez, l'incompétence dans sous ses formes ! 🤬
Inutile de me conseiller d'appeler de 4747. Je viens de le faire et quand j'ai fait part de mes doléances... on m'a raccroché au nez. …"
Rabat,Attijariwafa Bank,22/09/25,Marjane Rocade N 1 Rabat,5,"J’avais vu de nombreux avis négatifs concernant l’agence Attijariwafa Bank de Marjane Hay Riad, mais j’ai décidé de me faire ma propre opinion. …"
Rabat,Attijariwafa Bank,22/09/24,Marjane Rocade N 1 Rabat,1,"Dommage pour une agence aussi bien située!!! J’ai fait un retrait qui a été comptabilisé mais l’argent n’a pas été distribué. L’agence étant fermée un vendredi soir le 19/01/2024, je me suis présenté le 20/01/2024 le samedi matin. J’ai été …"
Rabat,Attijariwafa Bank,22/09/22,Marjane Rocade N 1 Rabat,1,La pire des agences.. les maîtres de l'arnaque de chez l'arnaque. En ouvrant un compte chez Attijari j'ai fait l'erreur de ma vie. On m'a taxé et on m'a mis une assurance que je n'avançait pas demandé. …
Rabat,Attijariwafa Bank,22/09/23,Marjane Rocade N 1 Rabat,1,"Dommage qu'on ne peut pas mettre 0 étoiles ou même en dessous de zéro.
Ils ne répondent pas au téléphone pendant les horaires où l'agence est ouverte."
Rabat,Attijariwafa Bank,22/09/23,Marjane Rocade N 1 Rabat,1,"Bonjour
Ce n’est pas normal que le temps d’attente dépasse 45 mn avec une personne à la caisse …"
Rabat,Attijariwafa bank,22/09/20,X4M9+8V9 Rabat,1,"agence d’incompétent aucune réponse sur le téléphone tu peut appeler jour et nuit , aucun conseil , rien, des bon a rien."
Rabat,Attijariwafa bank,22/09/24,X4M9+8V9 Rabat,5,Ont n est bien accueilli
Rabat,Attijariwafa bank,22/09/20,X4M9+8V9 Rabat,1,c'est une commissariat Égyptien 😉et pas une agence bancaire 😤😡 la directrice ne savent rien ou services …
Rabat,Attijariwafa bank,22/09/21,X4M9+8V9 Rabat,1,Pas de réponse sur le téléphone  toujours ligne occupée 😤😤😤 …
Rabat,Attijariwafa bank,22/09/23,X4M9+8V9 Rabat,1,Mauvais service
Rabat,CIH Bank,22/11/25,Ave Abderrahmane Al Ghafiki Rabat,1,"vraiment un très mauvais service, surtout client, il ne répond pas aux fixe donc tout au long de la journée, il ne répond pas au fixe, il y a vraiment un très long service. Vraiment une agence qui n’est pas qui n’est pas même pas au niveau …"
Rabat,CIH Bank,22/09/23,Ave Abderrahmane Al Ghafiki Rabat,1,"Ce témoignage est spécifique à cette agence. Pour dire que sur d'autres agences comme celle de Hassan le service est au top avec le sourire en plus. Par contre, et ce n'est pas la première fois je suis confronté à des agents sur cette …"
Rabat,CIH Bank,22/09/25,Ave Abderrahmane Al Ghafiki Rabat,1,mauvais service et mauvaise gestion et communication aucun respect pour les clients employeurs mal polis il faut une surveillance d’en haut je change la banque à cause de cette agence
Rabat,CIH Bank,22/09/25,Ave Abderrahmane Al Ghafiki Rabat,1,"Un service Incroyablement lent et mal organisé.
Je change d'agence"
Rabat,CIH Bank,22/09/21,Ave Abderrahmane Al Ghafiki Rabat,1,Le clavier du GAB ne marche pas . Ça a faillit me bloquer la carte .. c grave . Réglez ce probleme !!
Rabat,CIH Bank,22/06/26,7 Av. Al Abtal Rabat,5,"Service parfait et très rapide.

Très accueillant tout le personnel. …"
Rabat,CIH Bank,22/01/26,7 Av. Al Abtal Rabat,1,"Les distributeurs CIH sont très souvent vides et mettent trop de temps à être réapprovisionnés. En conséquence, on est obligé de retirer à l’agence et de payer 30 MAD, ce qui est inacceptable. Mauvaise gestion et coordination avec G4S. Expérience client décevante."
Rabat,CIH Bank,22/01/26,7 Av. Al Abtal Rabat,5,"Un immense merci à Mme Kheyyali Oumaima et Mme Rym pour leur accompagnement exceptionnel chez CIH. Dès le début, elles ont été d’un professionnalisme irréprochable, toujours à l’écoute, disponibles et d’une grande bienveillance. Elles ont …"
Rabat,CIH Bank,22/04/26,7 Av. Al Abtal Rabat,5,Mes compliments à la Directrice Oumaima et sa chargée de Clientèle Rim qui m'ont accompagné dans la concrétisation d'un projet d'acquisition.
Rabat,CIH Bank,22/09/25,7 Av. Al Abtal Rabat,1,"Je tiens à vous signaler mon mécontentement concernant l’agence CIH Abtal. Il s’agit sans aucun doute de l’une des agences offrant le pire service parmi toutes les banques, et plus particulièrement parmi les agences CIH. …"
Rabat,Attijariwafa Bank التجاري وفا بنك,22/08/26,"2523+8C4, Rue Baht Rabat",1,Tres mauvaise experience a 2 reprises
Rabat,Attijariwafa Bank التجاري وفا بنك,22/09/25,"2523+8C4, Rue Baht Rabat",1,"Franchement, SUPER MAUVAISE expérience avec cette agence Attijariwafa bank. J’ai galéré à faire un virement international, c’était compliqué pour rien et personne n’a vraiment pris le temps de m’aider. À plusieurs moments, j’ai trouvé le …"
Rabat,Attijariwafa Bank التجاري وفا بنك,22/12/25,"2523+8C4, Rue Baht Rabat",1,Respectent pas leurs clients.
Rabat,Attijariwafa Bank التجاري وفا بنك,22/09/24,"2523+8C4, Rue Baht Rabat",5,Un très bon service.
Rabat,Attijariwafa Bank التجاري وفا بنك,22/08/26,"2523+8C4, Rue Baht Rabat",1,"Très loin des normes de services client, des retenues inexpliqué sur les comptes bancaires mais le plus frustrant c'est qu'il répond vraiment jamais aux appels téléphoniques et votre présent et espérer avoir les bonnes personnes et les …"
Rabat,Bank Al Yousr Agence Agdal,22/09/25,Av. de France Rabat,5,Excellent service . Et je felicite la directrice pour son professionalisme j'y etais hier et j'etais vraiment emue par leur aceuil et surtout professionalisme.merci bp
Rabat,Bank Al Yousr Agence Agdal,22/09/21,Av. de France Rabat,3,Horaires bizarres pour une banque qui vient de commencer!!! Comment vous allez capter plus de clients ??
Rabat,Bank Al Yousr Agence Agdal,22/07/26,Av. de France Rabat,5,Très satisfait de l'accueil et des services rendus par le personnel de l'agence et particulièrement par la directrice.
Rabat,Bank Al Yousr Agence Agdal,22/09/22,Av. de France Rabat,4,Bon
Rabat,Bank Al Yousr Agence Agdal,22/03/26,Av. de France Rabat,1,
Rabat,BANK AL KARAM - Agence Rabat Al Abtal,22/02/26,"&, Angle Avenue Al Abtal, Rue Tansift Rabat",5,"L’accueil est chaleureux et le service client est de grande qualité. Un grand merci en particulier à Achraf, conseiller clientèle, pour son professionnalisme, sa disponibilité et ses explications claires. Il prend vraiment le temps …"
Rabat,BANK AL KARAM - Agence Rabat Al Abtal,22/06/26,"&, Angle Avenue Al Abtal, Rue Tansift Rabat",5,"Personnel compétant, professionnel en plus un accueil chaleureux.
Rien à dire. Vous méritez plus que 5 étoiles.
Et si c'est possible d'ouvrir une agence au centre-ville.
Bonne continuation."
Rabat,BANK AL KARAM - Agence Rabat Al Abtal,22/02/26,"&, Angle Avenue Al Abtal, Rue Tansift Rabat",5,"Très bonne expérience avec Bank Al Karam ! Le personnel est accueillant, professionnel et toujours prêt à aider. Un grand merci à Achraf, le conseiller clientèle, pour son écoute et son aide précieuse. Les services sont rapides et clairs, je recommande vivement 👍 …"
Rabat,BANK AL KARAM - Agence Rabat Al Abtal,22/02/26,"&, Angle Avenue Al Abtal, Rue Tansift Rabat",5,"Mon expérience avec cette agence bancaire a été très positive, notamment grâce à la qualité du service et à l’accueil chaleureux, professionnel et rassurant de Madame la Directrice Lamiae."
Rabat,BANK AL KARAM - Agence Rabat Al Abtal,22/02/26,"&, Angle Avenue Al Abtal, Rue Tansift Rabat",5,"Experience Indescriptible: la confiance s'installe et immédiatement, une équipe pertinente et efficace vous accueille et accompagne durant votre process. Une prise en charge du client pleinement basée sur l'empathie. Une devise rare dans le secteur ."
Rabat,Saham Bank Banque Privée Rabat,22/09/25,"KM 3,5 AVENUE MOHAMMED VI SOUISSI Rabat",1,"Bonjour
Je déconseille fortement cette agence dans laquelle j’ai un compte depuis 10 ans …"
Rabat,Saham Bank Banque Privée Rabat,22/09/24,"KM 3,5 AVENUE MOHAMMED VI SOUISSI Rabat",1,"Catastrophique. Bugs en tous genres sur leurs outils, transfert de responsabilité entre eux, pas très aimables globalement... Je ne recommande vraiment pas."
Rabat,Saham Bank Banque Privée Rabat,22/09/20,"KM 3,5 AVENUE MOHAMMED VI SOUISSI Rabat",1,Ça fait plus d'un mois (depuis le 24/02/2020)que j'ai déposé une requête à l'agent responsable de mon compte bancaire et je n'arrive pas jusqu'à présent à le rejoindre ni à avoir une solution à mon problème .
Rabat,Saham Bank Banque Privée Rabat,22/09/19,"KM 3,5 AVENUE MOHAMMED VI SOUISSI Rabat",1,le service n'est pas efficace
Rabat,Saham Bank Banque Privée Rabat,22/09/23,"KM 3,5 AVENUE MOHAMMED VI SOUISSI Rabat",5,La vie est belle
Rabat,Saham Bank Rabat El Manzah,22/03/26,Avenue Al Massira Complexe Al Manal - Hay Al Manzah Rabat,1,Aucun sens de service gestionnaire jamais joignable mon ancienne agence et mon ancien.gestionnaire étaient a l écoute et avaient le.sens du service
Rabat,Saham Bank Rabat El Manzah,22/09/22,Avenue Al Massira Complexe Al Manal - Hay Al Manzah Rabat,1,"A part encaisser et décaisser les fonds, a chaque fois qu'on vient demander une carte bancaire, un crédit ou tout autre opération, il y a tjrs quelques choses qui ne fonctionne pas, soit c'est la faut au système, soit le conseiller …"
Rabat,Saham Bank Rabat El Manzah,22/09/22,Avenue Al Massira Complexe Al Manal - Hay Al Manzah Rabat,1,"- Service catastrophique
- Ça ne répond jamais au téléphone
- Agents toujours indisponibles et absence du service client …"
Rabat,Saham Bank Rabat El Manzah,22/09/23,Avenue Al Massira Complexe Al Manal - Hay Al Manzah Rabat,1,👎🏻👎🏻👎🏻👎🏻👎🏻👎🏻👍🏻service nul lourd et tres tres tres tres compliqué. Je ferme mon compte société générale. 👎🏻👎🏻👎🏻👎🏻👎🏻👎🏻👎🏻👎🏻 …
Rabat,Saham Bank Rabat El Manzah,22/11/25,Avenue Al Massira Complexe Al Manal - Hay Al Manzah Rabat,1,Mauvais emplacement
Rabat,Banque populaire (Gare Rabat ville),22/09/24,"2587+GP2, Rue Baghdad Rabat",3,
Rabat,Banque populaire (Gare Rabat ville),22/09/24,"2587+GP2, Rue Baghdad Rabat",5,
Rabat,Al Akhdar Bank,22/10/25,"face à la C.M.R, 04 Av. Al Araar Rabat",5,"Une équipe de conseillers compétents, à l’écoute, accueillants et très réactifs, offrant un service fluide et un suivi rigoureux. Je tiens à remercier spécialement Mme LOUGLIL Salma pour sa disponibilité, sa réactivité et sa gentillesse, …"
Rabat,Al Akhdar Bank,22/10/25,"face à la C.M.R, 04 Av. Al Araar Rabat",5,"Je tiens à exprimer ma sincère gratitude à M. Youssef BOUHLAL de Akhdar Bank Hay RIAD pour son service exceptionnel. Son professionnalisme, sa réactivité et sa disponibilité ont grandement facilité mes démarches bancaires. Merci pour votre aide précieuse !"
Rabat,Al Akhdar Bank,22/10/25,"face à la C.M.R, 04 Av. Al Araar Rabat",5,"L’accueil est toujours professionnel et bienveillant, les conseillers sont à l’écoute et très réactifs et spécialement M abdessamad.
Je recommande vivement cette banque pour son sérieux et sa qualité ."
Rabat,Al Akhdar Bank,22/10/25,"face à la C.M.R, 04 Av. Al Araar Rabat",5,"Très bonne expérience ! Le personnel est toujours accueillant, professionnel et à l’écoute, ce qui rend les démarches bancaires simples et rapides. Je recommande sans hésiter."
Rabat,Al Akhdar Bank,22/10/25,"face à la C.M.R, 04 Av. Al Araar Rabat",5,Je souhaite remercier M. Youssef de la Akhdar Bank Hay RIAD pour son service de qualité. Son expertise et sa réactivité ont été très appréciées.
Rabat,Saham Bank Mahaj Ryad,22/01/26,"N° 15,Centre Commercial MAHAJ RYAD HAY RIAD Rabat",5,"Je tiens à exprimer toute ma satisfaction concernant mon agence principale Saham Bank – Avenue Annakhil. L’accueil y est toujours professionnel, chaleureux et efficace. …"
Rabat,Saham Bank Mahaj Ryad,22/08/26,"N° 15,Centre Commercial MAHAJ RYAD HAY RIAD Rabat",1,"Le service est médiocre et le manque d’organisation est flagrant. On m’a simplement indiqué qu’il y avait un problème technique, ce qui expliquerait pourquoi je ne reçois pas le code de ma carte depuis deux jours, mais aucune solution …"
Rabat,Saham Bank Mahaj Ryad,22/09/25,"N° 15,Centre Commercial MAHAJ RYAD HAY RIAD Rabat",1,"Encore une fois un service nul, tes doléances suivent un circuit automatisé sans intervention particulière comme il le précisent sur la lettre standard rédigé lorsque votre procédure commence à prendre fin après longue attente et même au …"
Rabat,Saham Bank Mahaj Ryad,22/07/26,"N° 15,Centre Commercial MAHAJ RYAD HAY RIAD Rabat",1,"Qd tu viens. 14h et ils te disent la personne est en pause dej
Il y’a une personne pour toute une agence
Cets incroyable"
Rabat,Saham Bank Mahaj Ryad,22/09/24,"N° 15,Centre Commercial MAHAJ RYAD HAY RIAD Rabat",1,"Personnel fainéant,tout le temps en pause déjeuner.je suis allée, à des horaires différents et jamais servi,à 9h il y a pas  la personne qui peut traiter le dossier et directrice absente,à 11h personnel en pause,à 12h30 personnel en pause, …"
Rabat,CIH Bank,22/03/26,"Lotisst Iskane, Av. des Oudayas Rabat",1,"Je ne recommande pas cette agence, et ce uniquement à cause de la conseillère Mouna. J'essaie toujours de l'appeler pendant les heures d'ouverture, mais elle ne répond jamais, et la seule fois où elle a pris mon appel, elle s'est montrée …"
Rabat,CIH Bank,22/09/23,"Lotisst Iskane, Av. des Oudayas Rabat",1,"Service client mediocre, des prélèvements à tort et à travers sans consentement du client, aucune explication apportée, aucun suivi avec les clients, aucune réponse au téléphone et surtout, personnel très incompétent que ce soit la …"
Rabat,CIH Bank,22/09/25,"Lotisst Iskane, Av. des Oudayas Rabat",4,"Agence bancaire de la cité. Bien située, calme et personnel à l'écoute."
Rabat,CIH Bank,22/09/24,"Lotisst Iskane, Av. des Oudayas Rabat",1,"Manque de professionnalisme, pas de respect"
Rabat,CIH Bank,22/09/25,"Lotisst Iskane, Av. des Oudayas Rabat",1,Dima système tay7 👎 …
Rabat,Attijariwafa Bank,25/08/26,"X47W+7WF, P4017 Rabat",5,Je suis très satisfait de la qualité du service client proposé par cette banque
Rabat,Attijariwafa Bank,22/04/26,"X47W+7WF, P4017 Rabat",1,"Beaucoup de personnel, une seule personne travaille, et il faut attendre....il faut être vraiment patient."
Rabat,Attijariwafa Bank,22/09/22,"X47W+7WF, P4017 Rabat",1,Ils sont incompétents. Pour régler un problème de carte guichet ou autre il faut faire beaucoup d’aller retour a la banque parce qu’ils ne font jamais ce dont le client a besoin. Je suis très insatisfait de cette agence précise. Le groupe attijari doit revoir les compétences et le niveau de formation des personnes qu’ils recrutent.
Rabat,Attijariwafa Bank,22/09/25,"X47W+7WF, P4017 Rabat",1,Service nulle aucun numéro vert n’est disponible personne ne décroche même en jours férié pour une urgence contrairement à la BMCE
Rabat,Attijariwafa Bank,22/09/21,"X47W+7WF, P4017 Rabat",1,Ne répondent jamais ni au téléphone ni aux mails ! Complètement inutiles
Rabat,Attijariwafa Bank,22/09/17,"X47W+7WF, P4017 Rabat",5,Banque
Rabat,Attijariwafa Bank,22/09/19,"X47W+7WF, P4017 Rabat",4,"Le service est généralement bon en personne, surtout via l'application mobile. En revanche, si le service n'est pas numérisé, vous devrez vous rendre physiquement à la banque. Si votre seule option est d'appeler, notamment pour les recharges bancaires, bon courage ! Souvent, personne ne répond au téléphone."
Rabat,Attijariwafa Bank,22/09/19,"X47W+7WF, P4017 Rabat",2,"Une banque vraiment nulle ! Ils ne m'ont pas donné d'argent, mais ils m'ont offert un bonbon, et pour ça, ils méritent deux étoiles. Un grand merci à Akhmed Mohamed ! Attention aux méduses et aux écrevisses qui traînent par terre !"
Rabat,Attijariwafa Bank,22/09/23,"X47W+7WF, P4017 Rabat",1,"La qualité du service est médiocre. Un seul employé est affecté aux clients, tandis que plusieurs autres errent sans se préoccuper du problème de l'attente."
Rabat,Attijariwafa Bank,22/09/17,"X47W+7WF, P4017 Rabat",4,Bon fournisseur de services bancaires.
Rabat,Attijariwafa Bank,22/09/17,"X47W+7WF, P4017 Rabat",3,
Rabat,Attijariwafa Bank,22/08/26,"X47W+7WF, P4017 Rabat",4,
Rabat,Attijariwafa Bank,22/07/26,"X47W+7WF, P4017 Rabat",4,
Rabat,Attijariwafa Bank,22/04/26,"X47W+7WF, P4017 Rabat",2,
Rabat,Attijariwafa Bank,22/09/17,"X47W+7WF, P4017 Rabat",3,
Rabat,Attijariwafa Bank,22/09/16,"X47W+7WF, P4017 Rabat",2,
Rabat,BANK OF AFRICA (BMCE) Direction régionale Centre Atlantique,22/09/24,"X5FC+26J, R401 Rabat",1,Misérable à l agence de Temara avenue hassan 1 ou les clients attendent dehors pour de simple démarche car la direction régionale fait encore appliquer des directives du covid en 2024.  De plus cette même agence refuse de faire un change car leur machine est en panne .
Rabat,BANK OF AFRICA (BMCE) Direction régionale Centre Atlantique,22/09/24,"X5FC+26J, R401 Rabat",5,Parfait design
Rabat,BANK OF AFRICA (BMCE) Direction régionale Centre Atlantique,22/10/25,"X5FC+26J, R401 Rabat",1,"Je travaille dans une école locale et j'ai vécu un an au Maroc. Les Marocains sont les personnes les plus accueillantes et chaleureuses que j'aie jamais rencontrées, mais cette banque semble totalement dépourvue de ces qualités. J'ai …"
Rabat,BANK OF AFRICA (BMCE) Direction régionale Centre Atlantique,22/06/26,"X5FC+26J, R401 Rabat",1,C'est une très mauvaise expérience
Rabat,BANK OF AFRICA (BMCE) Direction régionale Centre Atlantique,22/09/24,"X5FC+26J, R401 Rabat",1,Monsieur Wael… le pays en a assez et il ne sait même plus où il est allé manger.
Rabat,BANQUE POPULAIRE (AGENCE MABELLA),22/09/23,"X5WP+JR8, Av. Goundafa Rabat",5,bon acceuil
Rabat,BANQUE POPULAIRE (AGENCE MABELLA),22/09/17,"X5WP+JR8, Av. Goundafa Rabat",4,Pas mal
Rabat,BANQUE POPULAIRE (AGENCE MABELLA),22/09/23,"X5WP+JR8, Av. Goundafa Rabat",1,A éviter
Rabat,BANQUE POPULAIRE (AGENCE MABELLA),22/09/21,"X5WP+JR8, Av. Goundafa Rabat",5,Super
Rabat,BANQUE POPULAIRE (AGENCE MABELLA),22/06/26,"X5WP+JR8, Av. Goundafa Rabat",3,Grand amour
Rabat,BMCI,22/03/26,6 Av. Mehdi Ben Barka Rabat,1,"L'employé de la caisse, à chaque fois que je me présente à la banque pour effectuer une opération de transfert 10 à 15 minutes avant l’heure de fermeture, avance des excuses telles que la préparation des données pour la clôture de la …"
Rabat,BMCI,22/09/19,6 Av. Mehdi Ben Barka Rabat,1,"Accueil sympathique mais service bancaire déplorable.

Suite à une erreur de leur part, on me facture des frais injustifiés. Malgre mes …"
Rabat,BMCI,22/09/24,6 Av. Mehdi Ben Barka Rabat,1,Un service tres mediocre. Tres lent ! Je crois qu'au moyen age les banques etaient plus rapides. Aucun profesionalisme. On sait a quoi s'attendre d'une banque marocaine.
Rabat,BMCI,22/09/18,6 Av. Mehdi Ben Barka Rabat,1,Service se détériore jour après jour avec ses nouveaux recrus il y a un laisser aller total
Rabat,BMCI,22/09/17,6 Av. Mehdi Ben Barka Rabat,5,"Bon accueil des clients, pas trop d'attente au guichet, je recommande"
Rabat,Banque populaire,22/05/26,"X526+8WR, Rue Bani Meskin Rabat",2,Equipe acceuilante mais impossible d'obtenir une date de restitution fiable des fonds après la fermeture d'un placement. Ça donne vraiment l impression que la banque n a pas les moyens d honoré les compte et qu on se fait balader sans aucune justification.
Rabat,Banque populaire,22/09/23,"X526+8WR, Rue Bani Meskin Rabat",5,"EQUIPE TRES ACCUEILLANTE ET PROFESSIONNELLE.
APRES 10 ANS AVEC LA BP SUR PLUSIEURS VILLES, JE PEUX DIRE QUE C'EST LA MEILLEURE AGENCE QUE J'AI EU BRAVO"
Rabat,Banque populaire,22/09/25,"X526+8WR, Rue Bani Meskin Rabat",3,comment ça se fait qu'une agence ne mette pas son numéro de téléphone fixe sur le web comment on peut faire pour la joindre c'est redicule vraiment
Rabat,Banque populaire,22/09/24,"X526+8WR, Rue Bani Meskin Rabat",5,
Rabat,Banque populaire,22/09/23,"X526+8WR, Rue Bani Meskin Rabat",4,
Rabat,Bank Al Yousr Agence Annakhil,22/08/26,"immeuble A, rue Erroumane, Av. Annakhil Rabat",1,Mauvais service ça fait 3 ans que je fait d aller et retour pour récupérer ma carte bancaire
Rabat,Bank Al Yousr Agence Annakhil,22/09/25,"immeuble A, rue Erroumane, Av. Annakhil Rabat",1,"Je suis un marocain a l'étranger, j'ai ouvert un Compte en ligne, j'ai essayé de contacter un employé de la banque pour des informations importantes après avoir reçues coordonnées des contacts de cette agence de temara il répond pas ni par …"
Rabat,Bank Al Yousr Agence Annakhil,22/09/23,"immeuble A, rue Erroumane, Av. Annakhil Rabat",1,Publicité mensongère.
Rabat,Bank Al Yousr Agence Annakhil,22/07/26,"immeuble A, rue Erroumane, Av. Annakhil Rabat",5,"Une excellente agence financière ; ils se soucient de leurs clients, leur personnel est aimable et le directeur est toujours à l’écoute. Dieu soit loué, car Il m’a permis de clôturer mon compte dans une banque traditionnelle et d’en ouvrir un dans cette banque islamique."
Rabat,Bank Al Yousr Agence Annakhil,22/09/21,"immeuble A, rue Erroumane, Av. Annakhil Rabat",5,"Ô Dieu, fais que les choses soient faciles et non difficiles."
Rabat,BMCI,22/09/25,"et Ibrahim Tadili, Angle avenue Mohamed VI, ROUTE DE ZAAIR Rabat",1,La Pire Agence Bancaire que Je Connaisse. Ils ont même perdu 70% des dossiers de leurs clients une année. Personnel très incompétent . Incroyable turnover de la direction dont les agents ne dépassent pas les six mois . Cela rend le suivi …
Rabat,BMCI,22/09/25,"et Ibrahim Tadili, Angle avenue Mohamed VI, ROUTE DE ZAAIR Rabat",1,Un service médiocre. Aucune personne à la caisse pendant un après midi. Le directeur de l’agence parti mangé à 14h30. Aucun backup. Les personnes qui se sont adressées à moi sont irrespectueuses.
Rabat,BMCI,22/09/22,"et Ibrahim Tadili, Angle avenue Mohamed VI, ROUTE DE ZAAIR Rabat",2,"Personnel non chalant, on a l'impression qu'il n'y a personne dans cette banque, les salariés se permettent de passer avant les clients et même d'interrompre une itération à leur profit. …"
Rabat,BMCI,22/09/25,"et Ibrahim Tadili, Angle avenue Mohamed VI, ROUTE DE ZAAIR Rabat",1,Banque qui ne respectent plus leurs clients
Rabat,BMCI,22/09/19,"et Ibrahim Tadili, Angle avenue Mohamed VI, ROUTE DE ZAAIR Rabat",1,Banque qui repond jamais au telephone
Rabat,Banque Populaire,22/09/25,"241, avenue Sidi Mohamed Ben Abdallah Rabat",1,"Très mauvais service et accueil. Désagréable. Je me suis déplacé à l'agence pour effectuer une demande, non traitée et aucun retour depuis plus qu'une semaine !!"
Rabat,Banque Populaire,22/09/25,"241, avenue Sidi Mohamed Ben Abdallah Rabat",1,"J’arrête pas d’appeler l’agence, je sais qu’ils sont là y’a personne qui répond c’est vraiment honteux aakkari"
Rabat,Banque Populaire,22/09/19,"241, avenue Sidi Mohamed Ben Abdallah Rabat",1,"Nul et à éviter , désagréable et pas de sourire"
Rabat,Banque Populaire,22/09/25,"241, avenue Sidi Mohamed Ben Abdallah Rabat",1,Le 11ème siècle !
Rabat,Banque Populaire,22/09/23,"241, avenue Sidi Mohamed Ben Abdallah Rabat",1,"3ad jit daba 3andhom m3a 15h50 l9ithom sadin
normalement m3a 16h30 la fermeture
c'est la hachoma"
Rabat,BMCI,22/09/25,"et 2, Angle rue Oued Al Makhazine, rue du 16 Novembre Rabat",1,"Banque catastrophique. Lors d’un voyage, j’ai voulu consulter les taux de change appliqués. Les taux n’étant pas intéressant, je ne suis pas allé au bout de l’opération mais j’ai quand même été débité de 300€. …"
Rabat,BMCI,22/09/25,"et 2, Angle rue Oued Al Makhazine, rue du 16 Novembre Rabat",1,"Cette agence est une catastrophe. Ils ne répondent pas au téléphone, leur service laisse à désirer, et il faut être extrêmement vigilant avec son compte bancaire. À deux reprises, ils ont tenté de me prélever une assurance que je n’avais …"
Rabat,BMCI,22/09/19,"et 2, Angle rue Oued Al Makhazine, rue du 16 Novembre Rabat",1,"Nul , ils ne répondent jamais au téléphone, mettent plus de 2 voire 3 mois pour recevoir une carte bleue, enfin le distributeur ne fonctionne qu'un jour sur 2 !!"
Rabat,BMCI,22/09/24,"et 2, Angle rue Oued Al Makhazine, rue du 16 Novembre Rabat",1,"Le service le plus nul jamais vu, déçu"
Rabat,BMCI,22/09/21,"et 2, Angle rue Oued Al Makhazine, rue du 16 Novembre Rabat",1,"Une mauvaise expérience avec la bmci
Vous avez un sérieux problème"
Rabat,Attijariwafa Bank,22/08/26,"1182, bd El Manzah (c.y.m.) Rabat",2,"Je suis passée récemment en agence pour récupérer ma carte bancaire. Je tiens à mettre en avant l'agent de sécurité qui était extrêmement gentil, accueillant et professionnel. …"
Rabat,Attijariwafa Bank,22/08/26,"1182, bd El Manzah (c.y.m.) Rabat",5,"Très bon service, l'équipe est trés serviable, un grand merci à Mme Salma pour son service et sa gentillesse"
Rabat,Attijariwafa Bank,22/08/26,"1182, bd El Manzah (c.y.m.) Rabat",5,"Attijari app est excellent mais j'avais un probléme concernant que je ne peus pas me connecter, mon identifiant et mdp sont correctes mais il me donne ""un probleme technique"""
Rabat,Attijariwafa Bank,22/11/25,"1182, bd El Manzah (c.y.m.) Rabat",1,Injoignables par téléphone. Merci de mettre à jour le numéro de téléphone pour modifier mon avis. …
Rabat,Attijariwafa Bank,22/08/26,"1182, bd El Manzah (c.y.m.) Rabat",5,Très bon service
Rabat,BMCI,22/09/21,"Hay El Menzeh Cité, 606 Rabat",1,système et service nul  .la nouvelle équipe doit être re-formée pour savoir ce qui est bien la notion du client. je vous cache pas cette banque n'arrive même pas a changé mon adresse postale et corrigé mon numéro tel dans leur système. ça …
Rabat,BMCI,22/09/21,"Hay El Menzeh Cité, 606 Rabat",1,"L’acceuil et les gens qui travails c sympathique, mais le service est zero ( je pense pas que ca vient des agents eux meme!) mais le système bancaire rigide Français dépasser en 2021, nous fait perdre notre investissement au Maroc et notre …"
Rabat,BMCI,22/09/18,"Hay El Menzeh Cité, 606 Rabat",5,Les banques commerciales assurent la bonne tenue d'un registre des comptes et la gestion des transferts entre ces comptes. À ce titre elles facilitent les échanges économiques et sont censées contribuer à la traçabilité des flux financiers. …
Rabat,BMCI,22/09/20,"Hay El Menzeh Cité, 606 Rabat",3,"Très bon contact avec le personnel. La directrice d'agence est très sympathique et serviable, à l'écoute"
Rabat,BMCI,22/04/26,"Hay El Menzeh Cité, 606 Rabat",1,Servie en dessous du 0
Rabat,banque populaire nahda 1,22/09/20,"477, hay Nahda, extension complément Rabat",2,"Aucune collaboration, accueille qui donne l'impression comme si on les dérange ,pas de fluidité, je ne sais pas quoi dire à force que ça n'a rien avoir avec un front office d'une banque...."
Rabat,banque populaire nahda 1,22/09/23,"477, hay Nahda, extension complément Rabat",1,Il est mentionné que c'est ouvert le samedi 12 août.... mais ces fermé El réalité
Rabat,banque populaire nahda 1,22/09/22,"477, hay Nahda, extension complément Rabat",1,a cause d'une faute grave d'une agent bancaire  j'ai perdu 39000dhs .unprofessionnelle du tout
Rabat,banque populaire nahda 1,22/09/23,"477, hay Nahda, extension complément Rabat",4,Banque de la filiale Banque Populaire situé au quartier Nahda I de Rabat.
Rabat,banque populaire nahda 1,22/09/23,"477, hay Nahda, extension complément Rabat",1,La pire agence banque populaire au Maroc.
Rabat,Saham Bank Rabat Moulay Youssef,22/09/21,3 Av. Moulay Youssef Rabat,1,"Une employée qui chopé la Corona, et toute l agence ferme, il fallait aviser les intéressés.
On fait beaucoup de km pour vous dire que le service livraison des chèques et de …"
Rabat,Saham Bank Rabat Moulay Youssef,22/09/24,3 Av. Moulay Youssef Rabat,1,Imaginer que le monsieur de securite au niveau de la porte refuse de me faire voir le directeur d agence car il pense que le sujet de ma reclamation n est pas si important pour voirle directeur pourtant que je suis cliente de cette agence …
Rabat,Saham Bank Rabat Moulay Youssef,22/09/23,3 Av. Moulay Youssef Rabat,1,"La personne qui est au standard, est nulle, j'ai demandé la tarification par téléphone pour que je prépares le montant demandé, la personne refuse me donner le montans pour la radio par telephoen sans auxune raison je dois me deplacer sur place pour savoir le montant et de retourner et recuperer la somme c est du n importe quoi"
Rabat,Saham Bank Rabat Moulay Youssef,22/09/24,3 Av. Moulay Youssef Rabat,1,"Service Très null pour récupérer le code de ma carte guichet ça m'a pris plus de deux mois et mon problème n'est toujours pas résolu,en plus les conseillers ne font pas du tout leur travail.négligence total"
Rabat,Saham Bank Rabat Moulay Youssef,22/09/21,3 Av. Moulay Youssef Rabat,1,service et vraiment nul et je n'ai jamais vu dans ma vie une banque du centre-ville RABAT fermée à 14h30. mais le pire il a plusieurs plaintes mais il a rien a changer fait attention je vous déconseille
Rabat,CIH Bank,22/05/26,4 Av. Sidi Mohamed Ben Abdellah Rabat,1,Si vous partez après 13h les chargés de clientele et de caisse vous sorteront des prétextes  de systeme non fonctionnel ou d'ordinateur en panne pour ne pas vous accueillir. Ça m'est arrivé 3 fois
Rabat,CIH Bank,22/02/26,4 Av. Sidi Mohamed Ben Abdellah Rabat,1,"Une agence qui travaille matin et puis le système, par miracle, s'arrête ou se bloque.
Une agence qui vit les soixantaines avec une mentalité archaïque.
Une étoile, ça ne se mérite même pas."
Rabat,CIH Bank,22/10/25,4 Av. Sidi Mohamed Ben Abdellah Rabat,5,Je tiens à remercier Mlle Hind pour son grand professionnalisme et son excellent accueil. Son service a été impeccable et a grandement facilité ma démarche. Merci pour ce niveau remarquable de service.
Rabat,CIH Bank,22/09/23,4 Av. Sidi Mohamed Ben Abdellah Rabat,1,"Les personnes qui travaillent dans cette agence le moins que l’on puisse dire à leur sujet, c’est qu’ils sont impolis , et surtout le mec (clochard) qui a le bureau à gauche lorsque vous ouvrez la porte de l'agence, le mec est malade et sa …"
Rabat,CIH Bank,22/09/23,4 Av. Sidi Mohamed Ben Abdellah Rabat,1,Mauvaise experience agence abdelkrim khattabi ocean . Je compte cloturer mon compte és demain matin heureusement que je n ai pas domicilié mon salaire shez eux. Ca aurait ete catastrophique
Rabat,Credit Immobilier Et Hotelier (Cih Agence Yacoub Al Mansour),22/12/25,Av. Al Massira Amal 5، Y Al Mansour Rabat,1,"Services catastrophique.
Aucune consideration au client. Jai du attendre plus que 2mois pour recuperer une somme considerable a cause dune erreure de debutant dun caisier. …"
Rabat,Credit Immobilier Et Hotelier (Cih Agence Yacoub Al Mansour),22/01/26,Av. Al Massira Amal 5، Y Al Mansour Rabat,1,"Cliente de la banque CIH depuis 2016, j’ai ouvert mon compte à l’âge de 19 ans. Trois ans plus tard, j’ai immigré à l’étranger. À chaque retour au Maroc, mes visites à l’agence située près du complexe Al Manal se traduisent par des attentes …"
Rabat,Credit Immobilier Et Hotelier (Cih Agence Yacoub Al Mansour),22/09/25,Av. Al Massira Amal 5، Y Al Mansour Rabat,1,Service catastrophique à cette agence CIH. C’est ma deuxième fois que je viens et je n’ai toujours pas trouvé le directeur. J’ai attendu plus de 40 minutes pour une simple attestation de RIB ! Le personnel de sécurité m’a manqué de respect en me traitant de menteuse. Inadmissible !😡👎🏼 …
Rabat,Credit Immobilier Et Hotelier (Cih Agence Yacoub Al Mansour),22/07/26,Av. Al Massira Amal 5، Y Al Mansour Rabat,1,Tres mauvais service de la caissiere tres lente et meprise les clients
Rabat,Credit Immobilier Et Hotelier (Cih Agence Yacoub Al Mansour),22/09/25,Av. Al Massira Amal 5، Y Al Mansour Rabat,1,Aucune considération pour la clientèle. Pendant plus d une heure j ai attendu pour un simple versement.  Le caissier est parti prendre une pause de plus d une heure.  Et il était seul . La banque était bondée de gens.
Rabat,Attijariwafa Bank,22/04/26,"36, avenue Tadla (aviation), Quartier. Mabella Rabat",1,"Si vous cherchez un service client de qualité, passez votre chemin. Entre une caissière au bord de l'hostilité et un responsable qui brille par son incompétence, l'expérience est un sans-faute... dans la médiocrité."
Rabat,Attijariwafa Bank,22/05/26,"36, avenue Tadla (aviation), Quartier. Mabella Rabat",1,"Accueil médiocre, service médiocre, employés médiocres et je suis choqué par le manque de confidentialité: des relevés de clients qui traînent partout avec les détails des transactions, les infos des comptes bancaires Etc... Bref à faire comme la peste!!!"
Rabat,Attijariwafa Bank,22/09/22,"36, avenue Tadla (aviation), Quartier. Mabella Rabat",1,"La pire de toutes les agences! service nul!!!. La plus part des agents , y compris le responsable de l'agence, sont absents et leurs service est nul! Ils ne sont jamais joignables par téléphone. Sans trop enter dans les détails de la …"
Rabat,Attijariwafa Bank,22/09/21,"36, avenue Tadla (aviation), Quartier. Mabella Rabat",1,"Bonjour, je voulais partager avec vous ma mauvaise expérience avec cette agence.
Alors je viens de créer un compte lbankalik composé de l'offre SMART qui est …"
Rabat,Attijariwafa Bank,22/09/25,"36, avenue Tadla (aviation), Quartier. Mabella Rabat",1,La mauvaise agence dans le monde 0 pour le personnel 0 chef agence les services sont nulles la pire des agences
Rabat,Al Barid Bank,22/09/24,256C+6QW Rabat,1,Agence vide sans relais 7choma? On laisse nos postes au détriment de notre pause déjeuner pour trouver personne et faire des aller et des retours
Rabat,Al Barid Bank,22/09/23,256C+6QW Rabat,1,Service désagréable
Rabat,Al Barid Bank,22/09/25,256C+6QW Rabat,1,Veuillez reconsidérer la question de cet organisme ou dépêcher un comité de surveillance ; les services sont désastreux et le manque de personnel ne permet pas de répondre aux besoins des clients.
Rabat,Al Barid Bank,22/11/25,256C+6QW Rabat,1,Akfs Bank au Maroc
Rabat,Al Barid Bank,22/09/25,256C+6QW Rabat,1,Pire agence
Rabat,Saham Bank Rabat Amal,22/04/26,Angle Av. Al Massira et rue Anouar G.5 Rabat,1,Service médiocre
Rabat,Saham Bank Rabat Amal,22/09/19,Angle Av. Al Massira et rue Anouar G.5 Rabat,2,Service normal
Rabat,Saham Bank Rabat Amal,22/09/19,Angle Av. Al Massira et rue Anouar G.5 Rabat,5,
Rabat,Saham Bank Rabat Amal,22/09/19,Angle Av. Al Massira et rue Anouar G.5 Rabat,5,
Salé,Umnia Bank Salé Hay Karima,22/03/26,N°7 Av. Assalam Salé,5,"La banque Umnia Bank offre un service de grande qualité avec une équipe très professionnelle et accueillante.
Un grand merci à Monsieur Jawad, qui fait toujours de son mieux pour satisfaire …"
Salé,Umnia Bank Salé Hay Karima,22/04/26,N°7 Av. Assalam Salé,5,"Je tiens à exprimer ma pleine satisfaction quant au professionnalisme de l’agence Oumnia Banque Hay Karima à Salé.
Je remercie particulièrement Mr Jawad, directeur de l’agence, ainsi que Mme …"
Salé,Umnia Bank Salé Hay Karima,22/04/26,N°7 Av. Assalam Salé,5,"Une excellente agence avec un service client irréprochable. Je tiens à remercier tout particulièrement le chef d’agence Mr Jawad pour son professionnalisme, sa réactivité et la qualité de ses conseils. Je remercie également toute l'équipe spécialement madame Oumaima chargé de mon dossier. Je recommande vivement cette agence !"""
Salé,Umnia Bank Salé Hay Karima,22/03/26,N°7 Av. Assalam Salé,5,"Très satisfait des services de l’agence Umnia Bank Hay Karima. Un grand merci au directeur Si Jawad pour son professionnalisme et sa disponibilité, ainsi qu’au Mr Nawfal pour son accompagnement clair et efficace. Une équipe sérieuse et à l’écoute que je recommande vivement."
Salé,Umnia Bank Salé Hay Karima,22/04/26,N°7 Av. Assalam Salé,5,"Excellente expérience avec Umnia Bank – agence Salé Hay Karima ⭐️⭐️⭐️⭐️⭐️
Un grand merci à son directeur, Jawad Karakchoh, pour son accueil, son professionnalisme et son écoute attentive. On se sent vraiment accompagné et en …"
Salé,Banque CIH,22/03/26,N، National Rte 1 Res. Dyar 3 Imm. 11، 18 Av Mohamed VI Salé,1,"Expérience très décevante avec l’agence CIH de Salé Diar.
Malgré plusieurs déplacements pour résoudre un problème lié à mon application bancaire mobile, aucune solution concrète ne m’a été apportée. On m’a …"
Salé,Banque CIH,22/09/24,N، National Rte 1 Res. Dyar 3 Imm. 11، 18 Av Mohamed VI Salé,5,Franchement moi  je le note 5/5 j'ai souvent l'habitude d'y aller  à cet agence pour mes opérations. Les personnels sont accueillant et ça prend moins de temps maximum 30 à 40 mn.
Salé,Banque CIH,22/09/22,N، National Rte 1 Res. Dyar 3 Imm. 11، 18 Av Mohamed VI Salé,1,"En 2021 on attend 2heures pour réccuperer une nouvelle carte , aprés l'expiration de l'ancienne . 30min pour créer un nouveau compte , avant c'était combien dans les année 19XX 15j ? …"
Salé,Banque CIH,22/09/23,N، National Rte 1 Res. Dyar 3 Imm. 11، 18 Av Mohamed VI Salé,1,"Si jai la possibilité de noter -5/5 je vais le faire mais malheureusement y en a pas, merci de faire le point avec vos conseillers et surtout de la caisse sur la GRC car le service chez CIH DIYAR est vraiment archi nul et franchement ils …"
Salé,Banque CIH,22/09/23,N، National Rte 1 Res. Dyar 3 Imm. 11، 18 Av Mohamed VI Salé,1,3 bureau de caisse grabde agence faite pour acceuillir un grand monde mais depuis des mois il n'ouvre qu une seule caisse file dattente d'une heure en ts cas moi je vais cloturer à mon compte
Salé,BMCE Bank - SALE HAY EL AMAL,22/03/26,"36C4+75Q, Av. Moulay Rachid Salé",1,"En deux mots , à fuir....

Plusieurs problemes sont a retenir , nous sommes en 2026 et le service de cette …"
Salé,BMCE Bank - SALE HAY EL AMAL,22/12/25,"36C4+75Q, Av. Moulay Rachid Salé",1,"Je souhaite exprimer mon profond mécontentement concernant la qualité du service de ma banque BMCE. Depuis un certain temps, je constate une dégradation notable du service, en particulier au niveau du comportement de certains agents. …"
Salé,BMCE Bank - SALE HAY EL AMAL,22/11/25,"36C4+75Q, Av. Moulay Rachid Salé",1,"Bonjour,
Image très dégradé depuis l'arrivée de Naofel. Tu nous manques Maryam. C'est la catastrophe sans toi. …"
Salé,BMCE Bank - SALE HAY EL AMAL,22/09/25,"36C4+75Q, Av. Moulay Rachid Salé",1,"Je viens d y aller pr un versement d argent, aprés 20 mns de route et de recherche sur google, je trouve que les caissiers sont partis pr déjuner..🫢 …"
Salé,BMCE Bank - SALE HAY EL AMAL,22/09/25,"36C4+75Q, Av. Moulay Rachid Salé",1,"Le guichet automatique de cette agence n'est pas fiable pour retirer de l'argent, surtout les samedi et lundi."
Salé,CIH Bank,22/08/26,"National Rte 1 Complx. El Bachir Ii, Lot 3 Rte de Rabat Salé",1,"Malheureusement, mon expérience à l'agence CIH a été très décevante. Je m'y suis rendu lundi pour récupérer ma carte bancaire. L'employé m'a d'abord indiqué qu'il n'était pas habilité à me la remettre et que je devais m'adresser au …"
Salé,CIH Bank,22/12/25,"National Rte 1 Complx. El Bachir Ii, Lot 3 Rte de Rabat Salé",1,Je suis entré un jour dans cette agence et je l’ai trouvée presque vide. La seule personne qui travaillait vraiment avec sérieux était une jeune femme dont le professionnalisme mérite qu’elle devienne directrice de la banque. Il est …
Salé,CIH Bank,22/09/21,"National Rte 1 Complx. El Bachir Ii, Lot 3 Rte de Rabat Salé",2,Service trop saturé et comme toujours la réception n'est pas vraiment professionnel à un point que pour voir le gestionnaire de compte aumoins chaque client passe 1h30min pour être reçu vraiment c'est pénible dans ce service.
Salé,CIH Bank,22/09/25,"National Rte 1 Complx. El Bachir Ii, Lot 3 Rte de Rabat Salé",1,"Très mauvaise expérience dans cette agence. L’agent ne respecte pas l’ordre des tickets et fait passer ses connaissances en priorité. Quand j’ai osé signaler l’injustice, il a été impoli et condescendant. Attente de plus de 40 minutes pour un simple dépôt. Manque total de professionnalisme et de respect envers les clients."
Salé,CIH Bank,22/01/26,"National Rte 1 Complx. El Bachir Ii, Lot 3 Rte de Rabat Salé",5,"CIH Bank – Agence Salé Route Kénitra :
Excellente expérience.
Personnel motivé, accueillant et vraiment à l’écoute. …"
Salé,banque Populaire,22/03/26,25PH+7XH Salé,1,"Très mauvaise expérience client que j ai jamais eu
Meme lmoqara3a ou soq lkelb offre un meilleur service que celui ds cette agence
Personnels médiocres tt simplement"
Salé,banque Populaire,22/07/26,25PH+7XH Salé,1,"Ils ne répondent jamais au téléphone
Trop de complication"
Salé,banque Populaire,22/09/23,25PH+7XH Salé,1,service très nul je ne recommande pas cette agence .
Salé,banque Populaire,22/09/23,25PH+7XH Salé,5,Excellent
Salé,banque Populaire,22/09/23,25PH+7XH Salé,5,
Salé,Bank Al Yousr Agence Abou Regreg,22/07/26,"47, Avenue mohamed V, Tabriquet Salé",1,Service 👎 …
Salé,Banque Populaire,22/07/26,26R5+8VF Salé,1,Ils ouvrent à 8h20 et non à 8h00.
Salé,Banque Populaire,22/09/24,26R5+8VF Salé,1,"Je suis très déçu par le service de cette agence bancaire. Il y avait une longue file d'attente avec un seul guichet ouvert, rendant l'attente interminable. De plus, il n'y avait pas de disponibilité de cash dans l'agence, ce qui est …"
Salé,Banque Populaire,22/09/17,26R5+8VF Salé,1,Personnel qui ouvre les comptes pour la 1ere fois au client n'est pas du tout compétente.prière réformer vos personnel pour ne pas faire la distinction entre les clients.c'est vraiment intolérable.
Salé,Banque Populaire,22/07/26,26R5+8VF Salé,4,Bien
Salé,Banque Populaire,22/09/18,26R5+8VF Salé,1,"Jamais répondent au télèphone, service clientel 0.0001"
Salé,Bank Chaabi,22/08/26,26W8+MC8 Salé,1,"Fuyez cette banque d'incompétent , le chef de banque Ayoub est un comédien , il ne sert a rien , il ne vous réponds pas , et quand même quand il vous réponds , il trouve des excuses de l'extérieur, Monsieur Ayoub soyez professionnel "" vos …"
Salé,Bank Chaabi,22/09/22,26W8+MC8 Salé,5,"Ces la banque de mes parents pendant leur exercice de production et d'exportation de tapis , le début était en 1974 , il n'y avait qu'une seule agence bo à Salé , mes parents ont commencé l'export du tapis en 1976 , et la relation s'est …"
Salé,Bank Chaabi,22/09/24,26W8+MC8 Salé,1,Ils ne se soucient pas des clients Très mauvais service
Salé,Bank Chaabi,22/09/23,26W8+MC8 Salé,1,Leur traitement est très mauvais et ils ne veulent pas travailler
Salé,Bank Chaabi,22/09/25,26W8+MC8 Salé,1,mauvaise service
Salé,BMCE Bank,22/07/26,25VR+WJ7، Avenue Mohamed V Salé,1,MAUVAISE AGENCE J ESSAYE DE VOUS APPELER PARCEQUE JE ME TROUVE LOIN ET SANS REPONSE C EST MANQUE DE RESPECT ET PROFESIONALISME A MON RETOUR JE FERME MON COMPT.MEME L AGENT QUI M A DONNE SON NUMERO AU CAS REPOND PAS
Salé,BMCE Bank,22/09/25,25VR+WJ7، Avenue Mohamed V Salé,1,Heureusement pour vous je peux pas mettre 0 étoile service 0 vous traitez Les clients comme des moutons j'espère un jour ça sera pareil pour vous comme Par exemple (l'hôpital).
Salé,BMCE Bank,22/09/24,25VR+WJ7، Avenue Mohamed V Salé,1,"Je me suis présentée à votre agence pour retiré de l’argent , la personne qui est au guichet il m’a demandé de faire une photocopie de ma CIN sachant que cette procédure ça se fait à la banque même . …"
Salé,BMCE Bank,22/09/21,25VR+WJ7، Avenue Mohamed V Salé,1,J'aime pas la manière avec laquelle cette agence traite ces clients. Les agents de sécurité pas irrespectueux.
Salé,BMCE Bank,22/07/26,25VR+WJ7، Avenue Mohamed V Salé,1,Pas de courtoisie
Salé,Banque populaire,22/09/22,"3639+7GX, Av. Ibn Al Haytem Salé",5,Bien
Salé,Banque populaire,22/09/25,"3639+7GX, Av. Ibn Al Haytem Salé",1,Votre frère de Salé. J'envoie ce message à tous pour vous conseiller d'éviter tout contact avec cette agence. Merci. Conseil d'une personne expérimentée.
Salé,Banque populaire,22/09/24,"3639+7GX, Av. Ibn Al Haytem Salé",5,"Banque Populaire, quartier Al Inbiath, en face de la rue Wadi Al-Rumman, rue Ibn Al-Haytham, à proximité de la CAH"
Salé,Banque populaire,22/09/24,"3639+7GX, Av. Ibn Al Haytem Salé",3,Service correct
Salé,Banque populaire,22/06/26,"3639+7GX, Av. Ibn Al Haytem Salé",3,
Salé,Attijariwafabank التجاري وفابنك,22/09/25,"26FJ+HF4, Rue Ain Chok Salé",1,"Service clientèle nul, qualité de travail médiocre. On dirait que ce sont les clients qui supplient la banque pour leur propre argent, et non l’inverse. Du service de sécurité jusqu’aux responsables, l’attitude laisse à désirer. Essayez de travailler avec respect et intégrité."
Salé,Attijariwafabank التجاري وفابنك,22/09/25,"26FJ+HF4, Rue Ain Chok Salé",1,Le service client est terrible et très bas.
Salé,Attijariwafabank التجاري وفابنك,22/08/26,"26FJ+HF4, Rue Ain Chok Salé",5,Service très bon Imen à été très gentil et professionnel merci beaucoup.
Salé,Attijariwafabank التجاري وفابنك,22/09/23,"26FJ+HF4, Rue Ain Chok Salé",1,"Service extrêmement lent. Malgré une file d'attente réduite, le caissier prenait son temps et l'agent de sécurité bloquait l'entrée. …"
Salé,Attijariwafabank التجاري وفابنك,22/09/21,"26FJ+HF4, Rue Ain Chok Salé",5,Bon service et respect des mesures de distanciation sociale liées à la COVID-19
Salé,Bp Karima Salé,01/09/26,3634+Q6P Salé,1,"Une bande d'incompétents qui ne savent pas répondre aux questions des clients! Une succession qui dure depuis mars 2026, un dotation obsèque qui n'a pas été demandée! On nous a dit de repasser chaque semaine tout le mois d août avec ma mère …"
Salé,Bp Karima Salé,22/04/26,3634+Q6P Salé,1,"J'ai été victime d'un piratage international (transactions Google) et j'ai déposé une réclamation officielle à l'agence. En tant qu'étudiante, c'est tout mon budget qui a été prélevé. J'espère une réaction rapide de la part de la Banque Populaire pour le remboursement"
Salé,Bp Karima Salé,22/09/24,3634+Q6P Salé,1,Acceuill catastrophe non respecté les clientèles banque à f fuir j'ai jamais vue une banque ou le sestyme est tout le temps en panne
Salé,Bp Karima Salé,22/09/23,3634+Q6P Salé,1,Mauvais service. Non respect de la clientèle et ça commence dès l'agent de sécurité
Salé,Bp Karima Salé,22/09/25,3634+Q6P Salé,1,Changez de banque
Salé,Attijariwafa bank,22/09/25,269P+4G9 Salé,5,"J'aurais mis 10 étoiles si c étè possible , cliente réguliere de cette agence, je tiens à souligner la qualité du service que je reçois à chaque visite.
Le caissier est toujours poli, efficace et très professionnel, même aux heures …"
Salé,Attijariwafa bank,22/09/24,269P+4G9 Salé,1,"J’aurais mis zéro étoile, mais ce n’est pas possible.
Accueil : limite et indigne d’une Agence Bancaire. Un caissier insolent, poussif et inefficace. jamais à son poste, Parfois absent pendant une demi-heure pour …"
Salé,Attijariwafa bank,22/09/25,269P+4G9 Salé,5,"Excellent service de la part du conseiller Mohammed ! Très professionnel, serviable et sympathique. Il a rendu les démarches simples et agréables—merci beaucoup"
Salé,Attijariwafa bank,22/09/24,269P+4G9 Salé,1,"J'ai eu une expérience extrêmement décevante avec cette agence bancaire. Le service à la clientèle était horrible, les employés semblaient désintéressés et peu compétents. Les délais d'attente étaient interminables,Je ne recommande pas du tout cette agence bancaire."
Salé,Attijariwafa bank,22/04/26,269P+4G9 Salé,5,Très bon service rien à dire
Salé,Agence Banque Poste ( Barid Al Maghrib ) Hay Salam,22/09/25,26W8+PGP Salé,1,"Très mauvaise expérience à Barid Bank Hay Salam Salé (08/05/2025 à 13h). Nous avons récupéré la carte bancaire de ma mère, l’agent a confirmé que le code restait le même. En testant au GAB, le bon code est refusé trois fois, carte avalée. À …"
Salé,Agence Banque Poste ( Barid Al Maghrib ) Hay Salam,22/09/25,26W8+PGP Salé,1,"Une étoile c'est trop pour cette agence, s'il y'avait la possibilité j'aurais donner moins, c'est vraiment null, en 2025 des employers qui se comportent comme si le client est  en passage dans leur ferme, le chargé du service clientèle …"
Salé,Agence Banque Poste ( Barid Al Maghrib ) Hay Salam,22/09/24,26W8+PGP Salé,1,C'est à propos de l'agence Salé Hay Essalam Al Barid Bank. Le 26/01/2024. Je voulais clôturer mon compte. J'ai pris le billet de la salle d'attente à 10h21 et je n'ai fini la procédure de clôture de compte qu'à 15h et qqs mn. Seuls deux …
Salé,Agence Banque Poste ( Barid Al Maghrib ) Hay Salam,22/09/25,26W8+PGP Salé,1,"Une honte.
Pas de service guichet , employé en congé.
Il serait plus digne de la fermer."
Salé,Agence Banque Poste ( Barid Al Maghrib ) Hay Salam,22/09/23,26W8+PGP Salé,1,"Service livraison tres tres tres mauvais avec des frais tres eleves, w ta3amol dialhom don lmostawa"
Salé,Banque Populaire,22/01/26,352P+7F9، طريق قنيطرة الأقواس Salé,1,"Mauvaise service
Leurs explications aux clients sont incomplètes et peu claires, ils ne laissent pas assez de temps, et leur approche donne l'impression qu'ils accomplissent leurs tâches à contrecœur, ce qui met les clients mal à l'aise."
Salé,Banque Populaire,22/09/23,352P+7F9، طريق قنيطرة الأقواس Salé,5,Meilleurs agence bancaire sur salé je le recommande vivement
Salé,Banque Populaire,22/09/24,352P+7F9، طريق قنيطرة الأقواس Salé,5,Meilleur service client
Salé,Banque Populaire,22/09/23,352P+7F9، طريق قنيطرة الأقواس Salé,3,Service acceptable
Salé,Banque Populaire,22/09/24,352P+7F9، طريق قنيطرة الأقواس Salé,5,
Salé,Saham Bank Sale Bettana,22/09/25,Av. Sakia Al Hamra Salé,5,"Le chef d’agence est toujours là, reçois tout le monde et répond au téléphone, le service commercial est efficace, il y a des périodes d’affluence  ou il faut patienter comme dans toutes les agences bancaires. Je conseille vivement."
Salé,Saham Bank Sale Bettana,22/09/24,Av. Sakia Al Hamra Salé,1,"Manque de serieux enorme .

Service client désastreux les caissiers passent plus de 15 minutes  avec des …"
Salé,Saham Bank Sale Bettana,22/09/24,Av. Sakia Al Hamra Salé,1,"Service hyper médiocre
Je suis installée à Salé le lendemain suis partie à la banque SG Bettana pour demander le transfert de mon agence d’Agadir à Salé Bettana Mr Omar de l’agence a …"
Salé,Saham Bank Sale Bettana,22/03/26,Av. Sakia Al Hamra Salé,1,commissariat et non pas une agence banquaire
Salé,Saham Bank Sale Bettana,22/09/24,Av. Sakia Al Hamra Salé,1,"+1h d attente juste pour un versement, service trop long, une seul agent.
A évité"
Salé,CIH Banque Hay Salam,22/08/26,"79 Avenue Abderrahim Bouabid, Av. Al Andalous Salé",1,"Très mauvaises expériences, plusieurs mauvaises expériences. C'est leur quotidien. Des attentes de plusieurs heures pour de simples opérations. Plusieurs déplacements pour effectuer la clôture d'un compte ouvert a la base par erreur de la …"
Salé,CIH Banque Hay Salam,22/11/25,"79 Avenue Abderrahim Bouabid, Av. Al Andalous Salé",1,"Très mauvaise expérience avec cette agence CIH.
J’avais besoin d’effectuer un virement international simple, mais personne n’a été capable de m’aider correctement. On m’a fait perdre beaucoup de temps sans …"
Salé,CIH Banque Hay Salam,22/02/26,"79 Avenue Abderrahim Bouabid, Av. Al Andalous Salé",1,"Distributeur CIH Bank Hay Salam Salé hors service depuis plusieurs jours. Je me suis déplacé deux fois en marchant une longue distance pour retirer de l’argent, mais le guichet ne fonctionne toujours pas. C’est vraiment désagréable pour les …"
Salé,CIH Banque Hay Salam,22/11/25,"79 Avenue Abderrahim Bouabid, Av. Al Andalous Salé",1,"Je me sens obligée de partager mon mécontentement face à la mauvaise qualité de service de CIH Bank, et plus particulièrement de l’agence Hay Salam – Salé.
Le 13 octobre, j’ai fait une demande de carte guichet suite à sa perte. …"
Salé,CIH Banque Hay Salam,22/02/26,"79 Avenue Abderrahim Bouabid, Av. Al Andalous Salé",1,"Très mauvaise expérience avec le distributeur CIH Bank à Hay Salam Salé. Cela fait plusieurs jours qu’il est en panne, malgré les déplacements répétés et la longue distance parcourue pour y accéder. Aucune information, aucune solution, et …"
Salé,Attijari Wafa Banque,22/06/26,"2744+35F, Av. Outat Hsaine Salé",1,"Malheureusement, cette agence est très petite et souffre d'un manque d'effectifs. Le guichet est fréquemment en panne ou sans personnel. Depuis plusieurs années, je suis très insatisfait de la qualité des services d'AWB."
Salé,Attijari Wafa Banque,22/04/26,"2744+35F, Av. Outat Hsaine Salé",5,"Un grand merci à tout l'equipe et spécialement au chef d’agence, pour son professionnalisme et son sens du service. Toujours disponible, à l’écoute et efficace, il fait vraiment la différence. C’est rassurant de pouvoir compter sur quelqu’un d’aussi engagé et réactif."
Salé,Attijari Wafa Banque,22/01/26,"2744+35F, Av. Outat Hsaine Salé",1,"Très mauvaise expérience avec cette agence. Manque total de professionnalisme et d’accompagnement. Les demandes prennent énormément de temps sans suivi sérieux, et le personnel ne semble pas maîtriser le métier, ni respecter ses engagements …"
Salé,Attijari Wafa Banque,22/09/25,"2744+35F, Av. Outat Hsaine Salé",1,"Cette agence est très mal organisée , beaucoup de flux , avec le minimum de staff nécessaire pour la gestion fluide ( temps d’attente interminable, peu de places assises) en plus cette agence mérite une petite rénovation car les lieux …"
Salé,Attijari Wafa Banque,22/10/25,"2744+35F, Av. Outat Hsaine Salé",1,"Cette agence est très mal organisée , beaucoup de flux , avec personnel absent la plupart du temps.temps d’attente interminable, peu de places assises) en plus cette agence n'a pas une superficie suffisante digne de la nommer banque.
Je suis vraiment déçu 😞 😞 😞 …"
Salé,Crédit du Maroc,22/09/25,Salam Salé,2,Si seulement vous répondiez au téléphone !!! Nous sommes tout de même vos client !!!!!
Salé,Crédit du Maroc,08/09/26,Salam Salé,1,Cette banque est mauvaise ; je ne la recommande pas. Le distributeur automatique est toujours hors service et le personnel est désagréable.
Salé,Crédit du Maroc,22/09/23,Salam Salé,4,"Banque du Maroc, près de la station de taxis en direction de New Salé et du village."
Salé,Crédit du Maroc,22/09/14,Salam Salé,3,Quartier Al Salam
Salé,Crédit du Maroc,22/09/17,Salam Salé,4,une agence
Salé,Banque BMCE,22/09/25,"25RM+98V, Av. Ouali Al Had Sidi Mohamed Salé",1,"Je déconseille fortement cette agence bancaire. Le service est inacceptablement lent, même pour des démarches simples. Il n’y a aucun guichet de dépôt électronique, ce qui est incompréhensible à l’époque actuelle. Résultat : une file …"
Salé,Banque BMCE,22/09/25,"25RM+98V, Av. Ouali Al Had Sidi Mohamed Salé",4,Je tiens à remercier mme samiya pour l accueil impressionnant
Salé,Banque BMCE,22/01/26,"25RM+98V, Av. Ouali Al Had Sidi Mohamed Salé",1,Agence à éviter absolument
Salé,Banque BMCE,22/09/21,"25RM+98V, Av. Ouali Al Had Sidi Mohamed Salé",5,Excellent service ✌
Salé,Banque BMCE,22/09/19,"25RM+98V, Av. Ouali Al Had Sidi Mohamed Salé",5,Une bonne agence en termes d'accueil et de service.
Salé,CIH bank,22/05/26,"2744+GJ2, P4029 Salé",5,"Le monsieur dont le bureau se trouve tout droit à gauche, est très serviable. Il accueille avec gentillesse et fait preuve d’un grand professionnalisme."
Salé,CIH bank,22/09/25,"2744+GJ2, P4029 Salé",1,"Incompétents, je me suis rendue pour un service qu'il n'ont pu m'accorder et m'ont orienté vers une autre agence.  mais il n'ont pas manqué de me prélever 66 dh pour un document que je n'ai ni demandé ni reçu. j'ai déposé une réclamation, presque deux mois sans aucune réponse."
Salé,CIH bank,22/04/26,"2744+GJ2, P4029 Salé",3,Voici les horaires de cette agence. Je ne comprends pas pourquoi l’entreprise ne les met pas à jour sur Google Maps 😅 …
Salé,CIH bank,22/09/25,"2744+GJ2, P4029 Salé",1,"Je suis extrêmement déçu de l’expérience que j’ai eue chez CIH Bank. Je suis rentré, j’ai pris un ticket et attendu mon tour. Lorsque c’était enfin mon tour, le caissier m’a informé qu’il allait sortir déjeuner et que je devais revenir dans …"
Salé,CIH bank,22/09/25,"2744+GJ2, P4029 Salé",1,"Je suis extrêmement déçue par l’attitude du caissier lors de ma visite à cette banque. Lorsque je me suis présentée à l'accueil à 14:45 on m’a informé que le caissier a pris sa pause et qu’il faut attendre quelques minutes, chose que j ai …"
Salé,CIH BANK,22/05/26,9 Av. Panoramique Salé,1,"Aujourd’hui je suis allé pour déposer une petite somme (moins de 10dh) pour pouvoir sortir mon argent de MON compte dans MON agence, je suis devant un certain « Ayoub Adennoun » qui est chargé de la caisse, je mets en avant ma CIN et la …"
Salé,CIH BANK,22/09/22,9 Av. Panoramique Salé,3,Personnel serviable et professionnel. Cependant l'agence est petite par rapport au nombre des clients qu'elle serve. Il faut toujours attendre plus de 30min pour effectuer des opérations simples...
Salé,CIH BANK,22/09/25,9 Av. Panoramique Salé,1,"Cette banque devrait être fermée ! La personne devant moi est partie, et le personnel au guichet n'a pas appelé et dormait ! Incroyable qu'ils travaillent encore !"
Salé,CIH BANK,22/09/25,9 Av. Panoramique Salé,2,"Service laisse à désirer. Les guichets automatiques sont souvent hors service, surtout le week-end. Il y'a toujours la queu dehors le siège. Je ne sais pourquoi. Le temps de Covid est passé."
Salé,CIH BANK,22/07/26,9 Av. Panoramique Salé,1,Absence injustifiée du personnel pendant les heures de travail
Salé,Attijariwafa bank,22/11/25,"25PG+MMX, Rue Hassar Salé",1,Un très mauvais comportement des employés. Impolis . Et ne respectent de tout leurs clients. On dirait que tu demande  quoi à manger.  Un audit interne est trop recommandé . Je change  de compte dans l'immédiat.
Salé,Attijariwafa bank,22/01/26,"25PG+MMX, Rue Hassar Salé",1,Mauvais service vraiment nul
Salé,Attijariwafa bank,22/09/23,"25PG+MMX, Rue Hassar Salé",1,ils ne repondent jamais aux appels
Salé,Attijariwafa bank,22/09/23,"25PG+MMX, Rue Hassar Salé",4,Agence bancaire de la chaîne Attijariwafa bank.
Salé,Attijariwafa bank,22/09/25,"25PG+MMX, Rue Hassar Salé",1,"Mauvais traitements et non-respect des droits des personnes handicapées. Accès impossible ; malgré ma demande de départ, le personnel de sécurité a refusé. 👎👎👎👎 …"
Salé,Saham Bank SALE KARIMA,22/09/23,99 AVENUE MOHAMMED V HAY KARIMA Salé,1,Service injoignable par téléphone … c’est qu’après 3 essaies qu’on arrive à avoir qlq au bout du fil qui te mets en attente et puis tu reprends à nouveau … inadmissible
Salé,Saham Bank SALE KARIMA,22/12/25,99 AVENUE MOHAMMED V HAY KARIMA Salé,5,Personnel enthousiaste et accueillant top top
Salé,Saham Bank SALE KARIMA,22/09/23,99 AVENUE MOHAMMED V HAY KARIMA Salé,5,"L'entreprise est réputée pour son service client et pour proposer des facilités de crédit pour les biens non enregistrés, tels que ceux enregistrés auprès d'un notaire."
Salé,Saham Bank SALE KARIMA,18/09/26,99 AVENUE MOHAMMED V HAY KARIMA Salé,4,
Salé,Saham Bank SALE KARIMA,08/09/26,99 AVENUE MOHAMMED V HAY KARIMA Salé,5,
Salé,Bmce,22/09/25,3644+3JP Salé,1,mauvais services
Salé,Bmce,22/09/22,3644+3JP Salé,4,Bon service
Salé,Bmce,21/09/26,3644+3JP Salé,1,Des heures d’attente catastrophique
Salé,Bmce,22/10/25,3644+3JP Salé,1,"Service déplorable, les utilisateurs de cette agence sont toujours débordés."
Salé,Bmce,01/09/26,3644+3JP Salé,1,
Salé,Poste de Laayayda,22/09/25,366G+RXJ Salé,1,"Une honte.
Aucun service .
C'est indigne d'une institution marocaine de 2025! …"
Salé,Poste de Laayayda,22/09/21,366G+RXJ Salé,2,"Toujours pleine
Pas de stationnement pour voiture"
Salé,Poste de Laayayda,22/09/22,366G+RXJ Salé,1,"Très très movais service
Une seule personnelle qui travaille. …"
Salé,Poste de Laayayda,22/09/24,366G+RXJ Salé,1,Mauvaise poste dans tout le Maroc
Salé,Poste de Laayayda,22/09/19,366G+RXJ Salé,3,La poste de laayayda est bien
Salé,Barik Bank,22/02/26,269P+7G4 Salé,1,Le pire service jamais vu  meme le numéro du service client est introuvable un vrai désastre.
Salé,Barik Bank,22/09/21,269P+7G4 Salé,1,Le pire service au monde.
Salé,Barik Bank,22/06/26,269P+7G4 Salé,1,employés de qualité inférieure
Salé,Barik Bank,22/11/25,269P+7G4 Salé,1,Service déplorable. J'évite d'y aller.
Salé,Barik Bank,22/04/26,269P+7G4 Salé,1,Service client médiocre
Salé,CIH BANK,22/08/26,"X7X3+FCF Place La Mosquee، C.commercial, Av. Moulay Said Alaoui Salé",1,"Service nuuuuuul ..
Franchement, est-ce qu'il est vraiment logique d'être obligé d'écrire les informations du compte sur une feuille de papier alors qu'elles sont déjà affichées sur le téléphone ?"
Salé,CIH BANK,22/07/26,"X7X3+FCF Place La Mosquee، C.commercial, Av. Moulay Said Alaoui Salé",1,"Cela fait plus de 2 jours que j’essaie de retirer l’argent au guichet mais il est a chaque fois à court liquidités
Merci à prendre les mesures nécessaires pour résoudre ce problème à fin de facilité les opérations de retraits pour les clts"
Salé,CIH BANK,22/12/25,"X7X3+FCF Place La Mosquee، C.commercial, Av. Moulay Said Alaoui Salé",1,"Franchement c'est honteux 🤬🤬🤬 , manque d'agents dans les caisses (1 agent) pour faciliter les opérations des clients ,des fois il quitte sont poste pendant des minutes . …"
Salé,CIH BANK,22/09/25,"X7X3+FCF Place La Mosquee، C.commercial, Av. Moulay Said Alaoui Salé",1,"Je n'ai jamais vu un service aussi désagréable de ma vie !! Personnel impoli, parle mal et le directeur de l'agence qui est censé donner l'exemple n'en parlons même pas. 0 respect des clients, vous avez intérêt à être super bien habillé …"
Salé,CIH BANK,22/09/23,"X7X3+FCF Place La Mosquee، C.commercial, Av. Moulay Said Alaoui Salé",1,L’agent de sécurité s’est occuper de moi et ma mère mieux qu’un agent dans le bureau ! Je monte pour l’ouverture du compte et franchement la première sensation je voulez me lever et partir car j’ai lui raconter pourquoi je voulez ouvrir et …
Salé,ATTIJARIWAFA BANK,22/06/26,"25XM+HQM, Av. Ouali Al Had Sidi Mohamed Salé",1,"Un très mauvais service client, j'ai parti le vendredi pour récupérer ma carte  le person confiée de ce service est absent il n'existe aucune remplacent, le lundi  j'ai arrive à 13.30 le sécurité. L'agent est en pause dej, après j'ai …"
Salé,ATTIJARIWAFA BANK,22/01/26,"25XM+HQM, Av. Ouali Al Had Sidi Mohamed Salé",1,"Expérience catastrophique.
Je suis venu plusieurs fois simplement pour récupérer ma carte bancaire — et jusqu’à aujourd’hui, je ne l’ai toujours pas. …"
Salé,ATTIJARIWAFA BANK,22/09/22,"25XM+HQM, Av. Ouali Al Had Sidi Mohamed Salé",1,Services très mauvais les agent sont absents par des raisons banal (comme il est parti a la pharmacie) ainsi que le guichet jms en service  tjrs paralysé désagréable banque
Salé,ATTIJARIWAFA BANK,22/03/26,"25XM+HQM, Av. Ouali Al Had Sidi Mohamed Salé",1,Mauvaise service .
Salé,ATTIJARIWAFA BANK,22/05/26,"25XM+HQM, Av. Ouali Al Had Sidi Mohamed Salé",1,"La pire banque : deux employés au guichet, dont un qui travaille tout en étant au téléphone (mdr), et un autre à son bureau. L’agent de sécurité a vraiment besoin d’une formation en relation client, et les employées au guichet aussi."
Salé,BMCI,22/06/26,"Résidence Safa 1, angle Boulevard Mohamed V et Lalla Amina SALE Salé",1,Pour les banciers de l'agence font Ttes ces efforts. Sauf que service  BMCI jugé improfessionnels.
Salé,BMCI,22/09/25,"Résidence Safa 1, angle Boulevard Mohamed V et Lalla Amina SALE Salé",5,Le monsieur qui s’occupe de la caisse et qui m’a servi aujourd’hui et aussi il y a quelques semaines est très professionnel et serviable. Merci à lui
Salé,BMCI,22/09/17,"Résidence Safa 1, angle Boulevard Mohamed V et Lalla Amina SALE Salé",5,La recherche est efficace.
Salé,BMCI,22/09/23,"Résidence Safa 1, angle Boulevard Mohamed V et Lalla Amina SALE Salé",1,Pas de réponse  téléphonique
Salé,BMCI,22/09/17,"Résidence Safa 1, angle Boulevard Mohamed V et Lalla Amina SALE Salé",4,Un bon service
Salé,BMCE BANK البنك المغربي للتجارة الخارجية,22/09/21,Rue el houdybia 64 le9wasse Salé,1,"Une ""prestigieuse banque "" sans connexion. Allez y comprendre au 21ème siècle. Obligé à attendre 😱 …"
Salé,BMCE BANK البنك المغربي للتجارة الخارجية,22/09/20,Rue el houdybia 64 le9wasse Salé,1,"Le pire service....,la pire banque , ne faites pas la mm erreur que mou,  choisissez une autre banque,  mettez votre argent ailleurs...des vrais voleur et j'ai mes preuves"
Salé,BMCE BANK البنك المغربي للتجارة الخارجية,22/09/23,Rue el houdybia 64 le9wasse Salé,5,"Une bonne banque, elle répond aux normes européennes et, contrairement à ce qui se fait dans l'UE, le service est encore personnalisé, très courtois et le personnel est très serviable."
Salé,BMCE BANK البنك المغربي للتجارة الخارجية,22/09/19,Rue el houdybia 64 le9wasse Salé,1,"Cette banque est incompétente et son service est déplorable. En ce vendredi, je vous dis : « Que Dieu me suffise, car Il est le meilleur pour gérer les affaires. »"
Salé,BMCE BANK البنك المغربي للتجارة الخارجية,22/09/20,Rue el houdybia 64 le9wasse Salé,5,Bonne expérience utilisateur
Salé,Attijari wafabank,22/12/25,25HX+RJP Salé,1,"L'attente peut dépasser parfois une heure.. manque de personnel énorme par rapport au nombre des clients.. et ce, à longueur de journée.... C infernal"
Salé,Attijari wafabank,01/09/26,25HX+RJP Salé,1,Pas de service client. Pas de réponse aux mails et messages. Attente excessive
Salé,Attijari wafabank,22/09/22,25HX+RJP Salé,5,"La note est pour mon chargé de clientèle (Med Oukili) : Personne très sérieuse, serviable et surtout très efficace.
Je n'ai pas changé d'agence/banque grâce à lui malgré que j'ai déménagé à Sala AL Jadida."
Salé,Attijari wafabank,22/09/24,25HX+RJP Salé,1,Je voie pas l utilité d avoir un conseiller alors qu ils sont injoignables surtt pour les personnes hors salé!!!!!
Salé,Attijari wafabank,22/09/20,25HX+RJP Salé,5,Client à l'agence depuis son ouverture rien à dire.
Salé,BMCE BANK Agence Sala Al Jadida,22/03/26,"X7V5+VMF, Av. Mohammed V Salé",4,Je tiens à remercier sincèrement la dame au premier bureau pour son excellente assistance. ❤️
Salé,BMCE BANK Agence Sala Al Jadida,22/09/25,"X7V5+VMF, Av. Mohammed V Salé",1,"Ne répondent jamais au téléphone,  les conseillers ne répondent jamais aux sollicitations par mail ni via l'application.  Malheureusement à eviter."
Salé,BMCE BANK Agence Sala Al Jadida,22/02/26,"X7V5+VMF, Av. Mohammed V Salé",1,0000000 service bffff très mauvaise service
Salé,BMCE BANK Agence Sala Al Jadida,22/09/23,"X7V5+VMF, Av. Mohammed V Salé",4,Au paravant y avait de belle equipe soudé dès que vous penetreŕ il te savent. Daba des agents jeunes et modestes.
Salé,BMCE BANK Agence Sala Al Jadida,22/05/26,"X7V5+VMF, Av. Mohammed V Salé",5,C'est magnifique
Salé,BMCI,22/09/21,"51, RUE SIDI TURKI, Av. 2 Mars Salé",1,La pire banque du monde !!! Un personnel totalement incompétent et même dangereux pour vos comptes .... Une fois votre argent chez eux c'est quasiment impossible de le récupérer ... Une vraie bande de bras cassés désagréables et haineux
Salé,BMCI,22/09/25,"51, RUE SIDI TURKI, Av. 2 Mars Salé",5,Quelque chose de très beau
Salé,BMCI,22/09/25,"51, RUE SIDI TURKI, Av. 2 Mars Salé",1,
Salé,BMCI,22/09/21,"51, RUE SIDI TURKI, Av. 2 Mars Salé",1,
Salé,Poste Maroc,22/09/25,26R4+8V8 Salé,1,"Avis négatif - Très mauvaise expérience client

Je me suis déplacé avec ma mère, qui est atteinte d’une maladie cardiaque, pour …"
Salé,Poste Maroc,22/09/25,26R4+8V8 Salé,1,"à tous les clients de La Poste, quand vous ouvrez un compte dans ces agences, vous devez faire attention à ce qu'on met comme numéro de téléphone sur le contrat où le code doit arriver. Je me suis rendu compte qu'ils mettent des numéros à …"
Salé,Poste Maroc,22/09/24,26R4+8V8 Salé,5,"Je fais rarement appel à  ce bureau de poste,hier pour une lettre recommandée vers la France j'ai attendu 45 mn et j'ai dû abandonner pour me rendre au bureau CCP tour hassan Rabat. Une heure 20mn d'attente. Un seul guichet qui fonctionne …"
Salé,Poste Maroc,22/09/18,26R4+8V8 Salé,2,Services médiocres. Mal organisé. Certaines dames sont arrogantes tant qu'il faut à chaque fois les rappeler à l'ordre.
Salé,Poste Maroc,22/09/17,26R4+8V8 Salé,1,"Les gens font la queue dans les files d'attente de  torture. Les employés ont besoin d'être pluuuuuuuus actifs.
Ils perdent du temps inutilement !!"
Salé,Banque Populaire,22/09/25,"N 11, Résidence El Boustane 4 étage 1 zone A Salé",1,ila jiti wa9t laghda makatl9ahom khasak tsana wahad 30min wakha taw9it mostamir
Salé,Barid Cash,22/02/26,X7X4+F77 Salé,1,"Service tres null, on dirait qu’on forcé la femme à travailler là bas, je le suis déplacer à 2 reprises et à chaque fois la femme trouve un argument pour ne pas prendre en charge ma demande. Quand t’il s’agit d’argent vous là prenez on souriant mais pour traiter les demandes de gens là vous trouvez des échappatoires."
Salé,Barid Cash,22/04/26,X7X4+F77 Salé,1,"Non comment
Deux personnes dans l’agence mais une seule qui sert la clientèle ( prétexte : elle remplit les formulaires) alors que les clients attendent. …"
Salé,Barid Cash,22/06/26,X7X4+F77 Salé,1,"Sérieux tres nul
Deux personnes a l'accueil mais une travail et la deuxième scroll son téléphone et l'agence est plein .
Très mauvais service 0"
Salé,Barid Cash,22/09/25,X7X4+F77 Salé,3,"- La gentillesse et la disponibilité de la seule personne au guichet : un grand merci
- Local relativement petit pour accueillir les clients. En plus, il est mal …"
Salé,Barid Cash,22/11/25,X7X4+F77 Salé,5,"Bon service, Merci à la dame à l'accueil. Elle m'a aidé à remplir mes documents pour le permis de conduire."
Salé,Stellantis Salaf - Salé,22/09/25,25RM+987 Salé,5,Je remercie infiniment axa crédit agence de salé diar pour le professionalisme de l'ensemble du personnel et surtout pour l'assistance et l'amabilité dont a fait preuve le chef d'agence mme rajae depuis le dépôt de mon dossier jusqu'à son financement. Merci pour tout. Tarek.
Salé,Stellantis Salaf - Salé,22/09/25,25RM+987 Salé,5,"Professionnalisme, sens de l’écoute et surtout beaucoup de tact de la part des équipes !
Excellente expérience !"
Salé,Stellantis Salaf - Salé,22/04/26,25RM+987 Salé,5,Service excellent et accueil irréprochable. 10/10
Salé,Barid Cash,22/09/25,"hay Al wahda, Av. El Massira Al Khadra Salé",5,"Je me suis rendue à l’agence Barid Cash pour renouveler mon permis de conduire. L’agente qui m’a accueillie a été très professionnelle et courtoise, son service était irréprochable. Malheureusement, j’ai eu un malentendu avec un autre …"
Salé,Barid Cash,22/09/25,"hay Al wahda, Av. El Massira Al Khadra Salé",1,"Très mauvaise qualité de service. Système toujours en panne alors que ça n'as aucun sens en 2025, des systèmes d'information en panne et on nous dit : système taye7"
Salé,Barid Cash,22/11/25,"hay Al wahda, Av. El Massira Al Khadra Salé",1,Toujours injoignable par téléphone  système  en panne mediocre service
Salé,Barid Cash,22/09/25,"hay Al wahda, Av. El Massira Al Khadra Salé",5,Bonjour avez vous un numéro de tel ou vous joindre pour éviter le déplacement.
Salé,Barid Cash,22/09/24,"hay Al wahda, Av. El Massira Al Khadra Salé",5,Très bon service.
Salé,Barid cash,22/09/25,353Q+HQ Salé,1,Système en panne toujours avec une seul personne au guichet pour servire  les dossier de permis à sale en plus les mandataire ne traite pas ces dossiers
Salé,Barid cash,22/09/24,353Q+HQ Salé,1,"Votre agence salé rte de kenitre et hay rahma sont fermées un samedi après 14h, contrairement aux horaires indiqués sur google"
Salé,Barid cash,22/09/24,353Q+HQ Salé,1,Fil d'attente très longue avec une seule personne à s'occuper de tout le monde.....
Salé,Barid cash,22/09/24,353Q+HQ Salé,1,Trop d'attente et une seule fonctionnaire
Salé,Barid cash,22/02/26,353Q+HQ Salé,1,Incompétence totale
Salé,Barid cach,22/09/22,"3634+M6J Terminus Tramway, Av. Mohamed V Salé",1,"Sur l’affiche c’est bien écrit que c’est ouvert samedi jusqu’à 20:00
J’ai passer à 14:00 et 16:00 l’agence était bien fermer !!!!🤯😤 …"
Salé,Barid cach,22/09/25,"3634+M6J Terminus Tramway, Av. Mohamed V Salé",1,"Des personnes incompétentes, que ce soit au niveau des agences bancaires Al Barid ou au niveau des agences de facilités comme Barid Cash. Il est vraiment regrettable de constater l'écart qui existe entre vous et les autres banques. Des …"
Salé,Barid cach,22/09/23,"3634+M6J Terminus Tramway, Av. Mohamed V Salé",1,L'incompétence tous simplement ! Aulieu de gaspillé l'argent pour une meilleur visibilité il vaut mieu former les incompétent !
Salé,Barid cach,22/09/24,"3634+M6J Terminus Tramway, Av. Mohamed V Salé",1,Un étoile est trop incompétences en personne o zaydinha b takhraj l3enine
Salé,Barid cach,22/09/24,"3634+M6J Terminus Tramway, Av. Mohamed V Salé",1,Service nul l'agent sur place a été très désagréable et irrespectueux en plus du fait qu'il n'a voulu donner aucune information
Salé,Cash Plus Tabriquet MIAMI Salé,22/09/25,"AV MOHAMED V MAGASIN N°28, SALE TABREKT Salé",5,"Je suis très satisfaite des services de cette agence. Le transfert d'argent est rapide, sécurisé et les frais sont raisonnables. J’ai également utilisé leur service d’envoi de colis, et tout s’est très bien passé : livraison dans les …"
Salé,Cash Plus Tabriquet MIAMI Salé,22/06/26,"AV MOHAMED V MAGASIN N°28, SALE TABREKT Salé",5,Le meilleur service au Maroc
Salé,Cash Plus Tabriquet MIAMI Salé,22/09/25,"AV MOHAMED V MAGASIN N°28, SALE TABREKT Salé",4,Excellente expérience avec cette agence de transfert d'argent
Salé,Cash Plus Tabriquet MIAMI Salé,22/09/25,"AV MOHAMED V MAGASIN N°28, SALE TABREKT Salé",5,Bon expérience
Salé,Cash Plus Tabriquet MIAMI Salé,22/09/25,"AV MOHAMED V MAGASIN N°28, SALE TABREKT Salé",5,Bon service
Salé,Chaabi cash sale hay chmaou,22/09/24,"école chouhada, Rue de Mahdia Salé",5,
Salé,Cash Plus Salé Bab Sebta,22/09/23,Lotissement Charkaoui Hors bab sebta SALE Salé,5,👍👍👍👍👍👍 …
Salé,Cash Plus Salé Bab Sebta,22/09/25,Lotissement Charkaoui Hors bab sebta SALE Salé,5,
Salé,Cash Plus Salé Bab Sebta,22/09/24,Lotissement Charkaoui Hors bab sebta SALE Salé,5,
Salé,Cash Plus Salé Bab Sebta,22/09/21,Lotissement Charkaoui Hors bab sebta SALE Salé,5,
Salé,BANK OF AFRICA,22/09/24,36C4+75Q، Avenu Hay El Amal Salé,2,"Agence bien placée sur une route principale en angle. L’accueil reste à améliorer, absence de contacts et appartenance sur Google Maps"
Salé,Cash Plus Hay Salam Salé,22/01/26,"Secteur4 Bloc 742, Rue Michlifen Salé",1,"Bonjour, j'ai oublié 150 € dans cette agence. Comment puis-je les récupérer ?"
Salé,ARRAWAJ Micro Crédit - Sale Sidi Moussa,22/09/25,"LOT IKLIL, N°2 Rte de Mehdia Salé",1,"Nous en avons assez de subir les nuisances sonores causées par votre alarme, qui se déclenche sans cesse et reste active pendant des heures, parfois toute la nuit. MANQUE DE RESPECT TOTAL !!!"
Salé,ARRAWAJ Micro Crédit - Sale Sidi Moussa,08/09/26,"LOT IKLIL, N°2 Rte de Mehdia Salé",1,Bnisba l had l mo2assasa sara7a 3ndhom manque dyal les informations bzafffff awoul 7aja kaytwasloch m3ak 7ta katm 3ndhom tani 7aja kaybqaw 3lik jma3 lina hadi dir lina hadi f tali kayqoulik ma n9drouch n3titwk credit mauvais service bzafff …
Salé,ARRAWAJ Micro Crédit - Sale Sidi Moussa,22/09/25,"LOT IKLIL, N°2 Rte de Mehdia Salé",5,
Salé,Bureau de poste Salé Medina,22/09/22,"25PJ+GCX, Av. 2 Mars Salé",1,"Pour envoyer juste une lettre recommandée un seul fonctionnaire qui fait tous ,très longue attente ,et c désagréable ,puisque c la seul agence du centre ville sale,"
Salé,Bureau de poste Salé Medina,22/09/21,"25PJ+GCX, Av. 2 Mars Salé",5,Centre etablissement ET cette avenue 2 Mars me respelle Mon enfance chaque matin je passe par la pour aller à l école primaire bab fes appelé maintenant ibn abbad
Salé,Bureau de poste Salé Medina,22/04/26,"25PJ+GCX, Av. 2 Mars Salé",1,👎 …
Salé,Bureau de poste Salé Medina,22/09/20,"25PJ+GCX, Av. 2 Mars Salé",1,Le service est très mauvais
Salé,Bureau de poste Salé Medina,22/12/25,"25PJ+GCX, Av. 2 Mars Salé",1,Zéro zéro zéro..........
Salé,Barid cash,22/07/26,Château Hay Salam Salé,1,Le plus mauvais barish cash du Maroc et en plus ils ferment les portes à 17h.
Salé,Barid cash,22/09/24,Château Hay Salam Salé,1,Nul ne service ne les empployer et ne respet les client mm les horaire
Salé,Barid cash,22/10/25,Château Hay Salam Salé,1,"Que Dieu maudisse leurs parents, ceux qui n'ont pas reçu une éducation convenable"
Salé,Barid cash,22/09/24,Château Hay Salam Salé,1,Ne croyez pas ce que dit l'utilisateur dans cette agence.
Sidi Kacem,Attijariwafa Bank,22/09/22,67CQ+8C4 Sidi Kacem,5,La banque que j aime
Sidi Kacem,Attijariwafa Bank,22/09/21,67CQ+8C4 Sidi Kacem,3,Bien
Sidi Kacem,Attijariwafa Bank,22/09/19,67CQ+8C4 Sidi Kacem,4,Un service client efficace et rapide ; nous vous recommandons de les choisir et de les essayer.
Sidi Kacem,Attijariwafa Bank,22/09/20,67CQ+8C4 Sidi Kacem,5,Bon accueil et excellent service.
Sidi Kacem,Attijariwafa Bank,22/09/23,67CQ+8C4 Sidi Kacem,1,Rien à signaler
Sidi Kacem,Crédit du Maroc,22/04/26,"N°1, Bd Mohammed V - Rés. AL Manar Sidi Kacem",1,mauvais traitement
Sidi Kacem,Crédit du Maroc,22/09/19,"N°1, Bd Mohammed V - Rés. AL Manar Sidi Kacem",3,Bon service client
Sidi Kacem,Crédit du Maroc,22/08/26,"N°1, Bd Mohammed V - Rés. AL Manar Sidi Kacem",4,
Sidi Kacem,Crédit du Maroc,22/09/16,"N°1, Bd Mohammed V - Rés. AL Manar Sidi Kacem",5,
Sidi Kacem,Banque Populaire,22/09/24,67CQ+9RM Sidi Kacem,5,La troisième fois je viens résoudre un problème ou demander un papier et je suis très satisfait de tous ceux qui travaillent du sécurité au directeur saraha la façon dont ils parlent et sourient mieux vous motive à continuer avec eux
Sidi Kacem,Banque Populaire,22/09/25,67CQ+9RM Sidi Kacem,5,Service client de qualité
Sidi Kacem,Banque Populaire,22/09/17,67CQ+9RM Sidi Kacem,5,Banque Populaire
Sidi Kacem,Banque Populaire,22/06/26,67CQ+9RM Sidi Kacem,1,"La pire banque du monde. Service déplorable.

Je leur envoie des e-mails depuis trois mois et je n'ai toujours pas de réponse."
Sidi Kacem,Banque Populaire,22/06/26,67CQ+9RM Sidi Kacem,3,👍🏻 …
Sidi Kacem,CIH,22/05/26,"Av. Bir Anzarane, Mohamed V 123 Sidi Kacem",1,"Très mauvaise expérience avec le service clientèle de CIH Bank: manque total de professionnalisme, lenteur excessive et mauvaise gestion des clients. On perd un temps fou pour un service médiocre."
Sidi Kacem,CIH,22/09/23,"Av. Bir Anzarane, Mohamed V 123 Sidi Kacem",1,"Mauvais service, mauvais accueil, trop longue queue tous les jours de la semaine.
L'agent de sécurité est le gérant de l'agence, il a su me rendre service mieux …"
Sidi Kacem,CIH,22/09/20,"Av. Bir Anzarane, Mohamed V 123 Sidi Kacem",1,"Un mauvais service, le caissier est un homme qui insulte tout le monde pour la deuxième fois en tant que cliente je suis insatisfaite de son service pas de professionnalisme, il se comporte comme dans un souk ce qui est malheureux dans une …"
Sidi Kacem,CIH,22/09/20,"Av. Bir Anzarane, Mohamed V 123 Sidi Kacem",5,"Heureusement que vous avez pensé à changer le chargé de clientèle, le petit nouveau est vachement plus compétant et accueillant."
Sidi Kacem,CIH,22/09/19,"Av. Bir Anzarane, Mohamed V 123 Sidi Kacem",1,"Pas de services
Pas de clientele
Pas de ligne chaque vendredi soir
Pas une meilleur banque"
Sidi Kacem,Crédit Agricole,22/05/26,"679V+VGM, Av. Hassan II Sidi Kacem",2,"Bonjour je voudrais nemero téléphone de la bank svp
Merci"
Sidi Kacem,Crédit Agricole,22/09/20,"679V+VGM, Av. Hassan II Sidi Kacem",4,Très bonne service
Sidi Kacem,Crédit Agricole,22/09/20,"679V+VGM, Av. Hassan II Sidi Kacem",4,"D'après mon expérience, cette banque propose le meilleur taux de change au Maroc."
Sidi Kacem,Crédit Agricole,22/09/20,"679V+VGM, Av. Hassan II Sidi Kacem",5,
Sidi Kacem,Al Barid Bank بريد المغرب,22/09/25,67FV+55R Sidi Kacem,1,Mauvais accueil et manque de professionnalisme avec les clients.
Sidi Kacem,Al Barid Bank بريد المغرب,22/09/25,67FV+55R Sidi Kacem,5,Aucun nr telephone pour vous contacter l’agence
Sidi Kacem,Al Barid Bank بريد المغرب,22/09/22,67FV+55R Sidi Kacem,1,Cest pas vrais d3posse pas dun nemero telefone ou un email pour le contacte depuis l étranger
Sidi Kacem,Al Barid Bank بريد المغرب,22/09/22,67FV+55R Sidi Kacem,5,"bon accueil ,bon service,"
Sidi Kacem,Al Barid Bank بريد المغرب,22/12/25,67FV+55R Sidi Kacem,1,"Service client très lent et médiocre, désorganisé et de très mauvaise qualité. Certains membres du personnel devraient être remplacés."
Sidi Kacem,Cash Plus,22/09/24,qu elqods nr 177 Sidi Kacem,1,
Sidi Kacem,Banque Populaire,22/09/23,67HR+XXQ Sidi Kacem,1,"Il est inconcevable qu'une banque refuse d'effectuer des opérations de change sous prétexte d'un manque d'accès à Internet. Pourtant, elle sert tous les autres clients, avec le même ordinateur. Le personnel est incompétent, et encore moins qualifié pour gérer une banque forte d'une longue expérience au Maroc."
Sidi Kacem,Banque Populaire,22/09/22,67HR+XXQ Sidi Kacem,5,
Sidi Kacem,Banque Populaire,22/09/18,67HR+XXQ Sidi Kacem,5,
Sidi Kacem,Barid Cash,22/04/26,67FM+P8W Sidi Kacem,1,"Très déçu par cette agence. Le service client est vraiment en dessous des attentes : manque de professionnalisme, peu de réactivité et aucune prise en compte des besoins du client. L’expérience a été frustrante du début à la fin. Je ne recommande pas cette agence"
Sidi Kacem,Barid Cash,22/05/26,67FM+P8W Sidi Kacem,1,"Mauvaise expérience
Mauvaise service"
Sidi Kacem,Barid Cash,22/06/26,67FM+P8W Sidi Kacem,1,
Sidi Kacem,Barid Cash,22/09/22,67FM+P8W Sidi Kacem,5,
Sidi Slimane,Saham Bank Sidi Slimane,22/09/24,64 Av. Al Orouba Sidi Slimane,1,"Mon compte a été fermé sans que jamais je sois au courant , attente interminable."
Sidi Slimane,Saham Bank Sidi Slimane,22/09/24,64 Av. Al Orouba Sidi Slimane,5,Je recommande meilleure banque de la région
Sidi Slimane,Saham Bank Sidi Slimane,22/09/23,64 Av. Al Orouba Sidi Slimane,5,Merci atou
Sidi Slimane,Saham Bank Sidi Slimane,22/04/26,64 Av. Al Orouba Sidi Slimane,5,
Sidi Slimane,Saham Bank Sidi Slimane,22/12/25,64 Av. Al Orouba Sidi Slimane,5,
Sidi Slimane,Banque Populaire,22/07/26,"735M+PCC, N4 Sidi Slimane",1,D'après mon expérience à plusieurs reprises chez cette agence ! Le pire service que j'ai vu dans une banque censée être professionnelle ! Le Mr au comptoir 0 .
Sidi Slimane,Banque Populaire,22/12/25,"735M+PCC, N4 Sidi Slimane",1,"La pire banque qui soit. Aucun service, aucune norme, aucun sens des responsabilités et un mépris total."
Sidi Slimane,Banque Populaire,22/09/24,"735M+PCC, N4 Sidi Slimane",4,bon
Sidi Slimane,Banque Populaire,22/07/26,"735M+PCC, N4 Sidi Slimane",1,
Sidi Slimane,Banque Populaire,22/03/26,"735M+PCC, N4 Sidi Slimane",5,
Sidi Slimane,Banque Populaire,22/04/26,736C+FW4 Sidi Slimane,1,"Bonjour,   l'agence BC de sidi slimane , hay essalem, agence Alaymoune ne répond jamais au téléphone,  j'appelle depuis la France, le téléphone sonne mais personne ne répond, cela a duré plusieurs jours, j'ai fini par abandonner. Aucun …"
Sidi Slimane,Banque Populaire,22/09/23,736C+FW4 Sidi Slimane,1,La première fois que j’ai retiré l’argent au distributeur s’était mal passé
Sidi Slimane,Banque Populaire,22/09/19,736C+FW4 Sidi Slimane,1,Y as aucun respect du tour
Sidi Slimane,Banque Populaire,22/09/17,736C+FW4 Sidi Slimane,3,Banque
Sidi Slimane,Banque Populaire,22/05/26,736C+FW4 Sidi Slimane,3,"Malheureusement, les banques au Maroc sont trop compliquées et soumises à de nombreuses réglementations ; il faut présenter sa carte d’identité nationale et sa carte bancaire pour retirer de l’argent."
Sidi Slimane,CIH Bank,22/09/24,"Lotissemt.chelhaoui, Av. Hassan II Sidi Slimane",1,"Le pire, service banquier que j’ai vu dans ma vie, vraiment c’est catastrophique !!!!!"
Sidi Slimane,CIH Bank,22/09/19,"Lotissemt.chelhaoui, Av. Hassan II Sidi Slimane",5,"Trés bonne service , les gens trop sympa 👌 …"
Sidi Slimane,CIH Bank,22/09/21,"Lotissemt.chelhaoui, Av. Hassan II Sidi Slimane",1,Les services ne sont pas bons
Sidi Slimane,CIH Bank,22/09/21,"Lotissemt.chelhaoui, Av. Hassan II Sidi Slimane",1,Service nul
Sidi Slimane,CIH Bank,22/09/22,"Lotissemt.chelhaoui, Av. Hassan II Sidi Slimane",1,mauvais service
Sidi Slimane,Al Barid Bank بريد المغرب,22/09/23,"7349+XRR, Av. Mohamed V Sidi Slimane",3,Je ne suis pas un client.
Sidi Slimane,Al Barid Bank بريد المغرب,22/07/26,"7349+XRR, Av. Mohamed V Sidi Slimane",1,Service Akfs
Sidi Slimane,Al Barid Bank بريد المغرب,22/07/26,"7349+XRR, Av. Mohamed V Sidi Slimane",5,
Sidi Slimane,Al Barid Bank بريد المغرب,22/03/26,"7349+XRR, Av. Mohamed V Sidi Slimane",1,
Sidi Slimane,Al Barid Bank بريد المغرب,22/12/25,"7349+XRR, Av. Mohamed V Sidi Slimane",5,
Skhirat,Saham Bank Skhirat,22/08/26,"N°07 - 12 , BOULEVARD HASSAN II Skhirat",1,Le service est vraiment catastrophique. J'ai dû faire des allers-retours pendant trois jours pour résoudre un problème pourtant très simple avec l'application Saham. …
Skhirat,Saham Bank Skhirat,22/09/23,"N°07 - 12 , BOULEVARD HASSAN II Skhirat",1,Personnel impoli et non accueillant. 10 minutes sans que personne ne se trouve à l’agence à l’exception de l’agent de sécurité.
Skhirat,Saham Bank Skhirat,22/09/22,"N°07 - 12 , BOULEVARD HASSAN II Skhirat",1,C'est une société ordinaire ici⛔️
Skhirat,Saham Bank Skhirat,01/09/26,"N°07 - 12 , BOULEVARD HASSAN II Skhirat",1,Agence Makaynach Saham
Skhirat,Saham Bank Skhirat,25/08/26,"N°07 - 12 , BOULEVARD HASSAN II Skhirat",5,
Skhirat,Banque cih,22/09/23,Complexe Immobilier، National Rte 1، Av.Hassan Ii Skhirat,1,"Bonjour , j’écris  ce commentaire pour vous faire part de mon mécontentement vis à vis du service à votre agence située à skhirat , ça fait un bon moment que ma carte bancaire est prête au niveau de l’agence mais pour la récupérer c’était …"
Skhirat,Banque cih,22/09/24,Complexe Immobilier، National Rte 1، Av.Hassan Ii Skhirat,1,J'aurai bien aimé mettre un Zéro or malheureusement l'option Zéro étoiles n'est pas dispo! Expérience vraiment lamentable.c'est Honteux d'avoir un tel service bancaire en 2024 :)
Skhirat,Banque cih,22/09/23,Complexe Immobilier، National Rte 1، Av.Hassan Ii Skhirat,1,la mauvaise agence vraiment tu vas rester attendre toute la journée sans aucune réponse et laisse des citoyens et clients à l’agence pour aller prendre son déjeuner . la mauvaise vraiment
Skhirat,Banque cih,22/09/18,Complexe Immobilier، National Rte 1، Av.Hassan Ii Skhirat,1,"C’est dommage qu’une agence dispose d’un seul caissier qui, sans avoir honte, laisse des citoyens et clients à l’agence pour aller prendre son déjeuner ..."
Skhirat,Banque cih,22/09/25,Complexe Immobilier، National Rte 1، Av.Hassan Ii Skhirat,1,Je n'ai jamais rencontré un service aussi décevant que celui de CIH Skhirat.
Skhirat,Banque Populaire,25/08/26,RXX5+RQH Skhirat,1,Bonjoir je suis RME depuis 3h jessais de deposer un cheque sur mon compte banque chaabi a skhirat.la 1er agence me dit que le scaner est en panne.la 2eme agence me dit que l'employé qui s'occupe des cheques est absent . …
Skhirat,Banque Populaire,22/09/24,RXX5+RQH Skhirat,1,"Une agence nouvellement rénovée, mais, mal gérée, parce qu'il n'y a même pas des panneaux indicatifs pour savoir où le client va s'adresser aussi manque d'appareil pour prendre le ticket d'ordre de la file des clients pour la bonne …"
Skhirat,Banque Populaire,22/09/24,RXX5+RQH Skhirat,5,"Bien reçu par le Directeur de l'agence, efficace et professionnalisme.
Je recommande pleinement."
Skhirat,Banque Populaire,22/09/22,RXX5+RQH Skhirat,1,"Agence effroyable , personnel brute , service nul."
Skhirat,Banque Populaire,22/09/24,RXX5+RQH Skhirat,1,Trop de mode avec une seule caisse vraiment nuuuuuuul
Skhirat,BARID CASH SKHIRAT,22/02/26,BD Hassan 2 12050 Skhirat,1,Je me suis rendue aujourd’hui à l’agence Amana à 15h30 pour effectuer une opération mais j’ai malheureusement vécu une expérience très désagréable👎🏻👎🏻👎🏻👎🏻👎🏻Sécurité a commencé à crier contre moi avant l’heure de fermeture et ne m’a pas …
Skhirat,BARID CASH SKHIRAT,22/09/24,BD Hassan 2 12050 Skhirat,1,"Pensez à changer votre agent de sécurité ""Monsieur je sais tous"" il se prend pour le chef d'agence.... problème résolu en même pas 10 min sur l'agence d'haroura...et cet incompétent me demande de partir et de revenir la semaine prochaine...HONTEUX"
Skhirat,BARID CASH SKHIRAT,22/09/25,BD Hassan 2 12050 Skhirat,1,"Il ne merite pas cet étoile, il ne respecte pas les horaires affichés sur le tableau, il ne traite pas bien les clients"
Skhirat,BARID CASH SKHIRAT,22/09/24,BD Hassan 2 12050 Skhirat,1,Les horaires affichés sur Google ne sont pas correct il ouvre de 8h à 17h
Skhirat,BARID CASH SKHIRAT,22/09/24,BD Hassan 2 12050 Skhirat,1,"Personnelle non qualifié, mauvaise gestion mauvais service"
Skhirat,BMCE,22/12/25,VX5F+8MM Skhirat,1,"Cette agence dispose d'un conseiller de clientèle très mauvais, non accueillant ni à l'écoute, il ne prend même pas le temps pour comprendre le problème du client et chercher la solution, je le déconseille fortement."
Skhirat,BMCE,22/09/23,VX5F+8MM Skhirat,4,Banque de la filiale BMCE de la ville de Skhirat.
Skhirat,BMCE,22/09/22,VX5F+8MM Skhirat,5,"Amen, très rapide et merveilleux"
Skhirat,BMCE,22/03/26,VX5F+8MM Skhirat,2,
Skhirat,BMCE,22/09/18,VX5F+8MM Skhirat,5,
Témara,Attijariwafa Bank,22/10/25,"W37G+XX6 ang، av Mohammed V Avenue Mohamed V Témara MA, Av. du Caire",5,Merci beaucoup au responsable d’agence ainsi qu’à Zineb pour leurs professionnalisme leurs compétences et surtout pour leurs côtés humains et leurs capacités à répondre immédiatement aux besoins que j’ai eus et je recommande à tous les mre …
Témara,Attijariwafa Bank,22/11/25,"W37G+XX6 ang، av Mohammed V Avenue Mohamed V Témara MA, Av. du Caire",5,"Je ne regrette pas d'avoir changé ma banque pour etre parmi vos clients, une prise en charge rapide un traitement efficace surtout un professionnalisme irréprochable en général et l'efficacité de la responsable madame zineb"
Témara,Attijariwafa Bank,22/09/25,"W37G+XX6 ang، av Mohammed V Avenue Mohamed V Témara MA, Av. du Caire",1,"Une très mauvaise expérience a awb av Hassan 2 la nouvelle agence
Je suis aller vers 8h ,la seule a l agence mais personne avec qui parler quand la charger est enfin sortie du bureau je lui just posé une question elle a …"
Témara,Attijariwafa Bank,22/09/25,"W37G+XX6 ang، av Mohammed V Avenue Mohamed V Témara MA, Av. du Caire",1,"BANQUE À ÉVITER
Honteux une expérience catastrophique
On appelle pour régler un problème ( des prélèvements automatiques et des …"
Témara,Attijariwafa Bank,22/09/24,"W37G+XX6 ang، av Mohammed V Avenue Mohamed V Témara MA, Av. du Caire",1,"S'il est possible d'attribuer une note de moins de 0 étoile, ça sera mérité pour cette agence.
Le téléphone sonne sans réponse tout au long de la journée, aucun canal de …"
Témara,Crédit Agricole du Maroc - Agence Smart,22/06/26,"23, bd. Mohammed V , lotiss. Molk Allah Témara",3,Problème récurrent de detections et lecture de leurs cartes dans le distributeur proche de la pâtisserie mille délice temara
Témara,Crédit Agricole du Maroc - Agence Smart,22/11/25,"23, bd. Mohammed V , lotiss. Molk Allah Témara",1,Pas de service de mise à disposition
Témara,Crédit Agricole du Maroc - Agence Smart,22/09/25,"23, bd. Mohammed V , lotiss. Molk Allah Témara",2,"Pourquoi demander numéro de téléphone ?
Retard de service"
Témara,Crédit Agricole du Maroc - Agence Smart,22/09/24,"23, bd. Mohammed V , lotiss. Molk Allah Témara",5,Bon service
Témara,Crédit Agricole du Maroc - Agence Smart,22/07/26,"23, bd. Mohammed V , lotiss. Molk Allah Témara",5,
Témara,CIH,22/08/26,Avenue Tarik Ibn Ziad Projet Mers El Kheir Témara,1,"Je déconseille fortement cette banque, et plus particulièrement cette agence.
Le service est désorganisé et le manque de professionnalisme est évident. J’ai demandé une carte bancaire par téléphone. Après 15 jours d’attente, je me suis …"
Témara,CIH,22/07/26,Avenue Tarik Ibn Ziad Projet Mers El Kheir Témara,1,"J'exprime mon profond regret d'avoir visité cette agence. Je raconte cela avec honnêteté et je n'ai rien avec personne labas, à 15h06, en attendant 25 minutes pour régler un truck simple au niveau de l'accès Application CIH, la personne …"
Témara,CIH,22/05/26,Avenue Tarik Ibn Ziad Projet Mers El Kheir Témara,1,"Je tiens à exprimer mon profond mécontentement concernant la gestion de l'accueil au sein de votre agence CIH( Avenue Trik bnouziad ziad près de krouche ). Les clients sont contraints d'attendre à l'extérieur, en plein soleil, dans des …"
Témara,CIH,22/11/25,Avenue Tarik Ibn Ziad Projet Mers El Kheir Témara,1,"Mauvais service de la part du personnel du bureau, tu pars régler un problème avec eux et ils te disent de les envoyer un e-mail, et quand tu demandes l’e-mail, il refuse de te le donner ou de te l’écrire dans une feuille et il te dis de le chercher dans Google et tu vas trouver un notre e-mail. C quoi cette connerie !! 👎🏼 …"
Témara,CIH,22/06/26,Avenue Tarik Ibn Ziad Projet Mers El Kheir Témara,1,Service nul il prend tjrs des pauses entre 12h30 a14h ce n est pas serviable
Témara,BMCE BANK,22/03/26,"W36P+GWG, Av. Tarik Ibn Ziad Témara",1,"« Je suis très déçue par mon expérience. , et j’ai remarqué qu’il y avait un traitement préférentiel. Des personnes arrivées après moi, qui ne faisaient même pas la file, ont été servies plus rapidement, parce que le caissier les …"
Témara,BMCE BANK,22/06/26,"W36P+GWG, Av. Tarik Ibn Ziad Témara",1,"Agence vieille et désordonnée, aucun système de prise de tour mis en place, le caissier est tres lent dans les operations, il faut compter minimum 10 minutes par personne, je déconseille"
Témara,BMCE BANK,22/12/25,"W36P+GWG, Av. Tarik Ibn Ziad Témara",1,"Une demande de clôture de compte qui n’a pas été prise en considération, j’ai sollicité la conseillère mme. El Misbahi pour une demande de clôture de compte (Car elle a déjà bloquer mon accès a l’app vu que je n’utilise pas ce compte …"
Témara,BMCE BANK,22/01/26,"W36P+GWG, Av. Tarik Ibn Ziad Témara",1,"Qualité de service nulle.
Accueil désorganisé, attente excessive et absence totale de suivi.
Aucune considération pour le client ni respect du temps.
Très mauvaise expérience, service à améliorer sérieusement."
Témara,BMCE BANK,22/09/25,"W36P+GWG, Av. Tarik Ibn Ziad Témara",1,"“Très mauvaise expérience avec cette agence. Lors d’un simple versement, on m’a affirmé à tort que le compte du bénéficiaire était clôturé, ce qui est totalement faux. Cette erreur m’a causé une grande perte de temps et beaucoup de …"
Témara,CIH Bank,22/06/26,"N° 415, Bd Sahl Rhone Lot Riad Ii Témara",1,"C'est toujours le même problème. À chaque fois, je ne viens pas et il n'y a qu'un seul employé. Il ou elle prend une éternité pour s'occuper du client précédent. Du coup, j'attends entre une heure et une heure et demie avant d'être servi. Et de plus, chaque fois que je vais dans cette agence, je ne trouve jamais le directeur. Jamais."
Témara,CIH Bank,22/09/25,"N° 415, Bd Sahl Rhone Lot Riad Ii Témara",1,"j'exprimer mon profond mécontentement concernant la qualité du service client de votre agence. L'attitude de certaines conseillères est hautaine et arrogante, et leur comportement est irrespectueux envers la clientèle qu'elles sont censées …"
Témara,CIH Bank,22/09/25,"N° 415, Bd Sahl Rhone Lot Riad Ii Témara",1,"Cette agence bancaire est une véritable honte ! Un mépris total des clients, des conseillères hautaines et arrogantes qui se permettent d’humilier ouvertement ceux qu’elles devraient accompagner. Une attitude scandaleuse, irrespectueuse et totalement inacceptable !"
Témara,CIH Bank,22/11/25,"N° 415, Bd Sahl Rhone Lot Riad Ii Témara",1,"Que des expériences désagréables au sein de cette agence CIH , personnel débordé , agence très pleine, attente interminable avec seulement une seule personne en caisse , ce qui cause beaucoup d’angoisse et de stress pour rien, j’invite la …"
Témara,CIH Bank,22/09/22,"N° 415, Bd Sahl Rhone Lot Riad Ii Témara",1,"je suis passée ce matin à cet agence pour avoir une information auprès de la chargée clientèle, je me suis présentée devant elle, elle était au téléphone pour un sujet personnel, elle n 'a même pas pris la peine de me regarder pour me …"
Témara,CIH Bank,22/06/26,"Residence Saadane A, Hay Masrour, Av. Mohammed V Témara",1,J'habite juste à côté le guichet est toujours vide les week-ends est des fois meme au cours de la semaine pfff
Témara,CIH Bank,22/09/25,"Residence Saadane A, Hay Masrour, Av. Mohammed V Témara",1,"Très mauvais service du caissier de l’agence cih à l’avenue Med5 de Temara, qui a la flemme de travailler, et parle avec un ton hautain aux clients et du non-respect. Ce n’est ni la première fois ni la deuxième. Depuis quand le permis de …"
Témara,CIH Bank,22/07/26,"Residence Saadane A, Hay Masrour, Av. Mohammed V Témara",1,Agence toujours vide ni commercial ni directeur d'agence
Témara,CIH Bank,22/09/25,"Residence Saadane A, Hay Masrour, Av. Mohammed V Témara",1,"Pas de réaction??  0/5

Madame, Monsieur, …"
Témara,CIH Bank,22/09/20,"Residence Saadane A, Hay Masrour, Av. Mohammed V Témara",1,"Du n’importe quoi, soit imprimante en panne, soit serveur off soit très bloquée
Tout court, c’est du n’importe quoi. 1 mois pour avoir ma carte avec presque plus de 8visites à l’agence pour l’avoir et toujours rien …"
Témara,albarid bank,22/07/26,W4G2+MVF Témara,1,"Service médiocre, accueil déplorable. Cela ne s'élève absolument pas au niveau d'une institution, qu'elle soit privée ou publique. Retards délibérés, négligence totale et mépris flagrant pour les intérêts et les besoins des clients."
Témara,albarid bank,22/09/25,W4G2+MVF Témara,1,"Directeur nul, irrespectueux et irresponsable. Agent nulle et irresponsable. Service extrêmement désagréable  et ils font attendre les gens sans rien faire."
Témara,albarid bank,22/09/25,W4G2+MVF Témara,1,"اتفه بريد بنك غير لعصيريات
Elles font passer une personne toutes les 15 min et elles sont assises sont rien faire"
Témara,albarid bank,22/09/18,W4G2+MVF Témara,3,Service de qualité moyenne. Toujours très encombré. L'attente qui n'a aucune raison
Témara,albarid bank,22/09/24,W4G2+MVF Témara,1,Service très très long  0/10
Témara,Crédit Agricole du Maroc,22/02/26,"W369+H93, Av. Hassan II Témara",1,Je la recommande pas un très mauvais service sur tout les niveaux
Témara,Crédit Agricole du Maroc,22/09/25,"W369+H93, Av. Hassan II Témara",5,
Témara,Crédit Agricole du Maroc,22/09/18,"W369+H93, Av. Hassan II Témara",5,
Témara,Attijariwafa Bank,22/04/26,"W4R7+5JC, Av. des Oudayas Témara",5,"Excellent service ! Personnel professionnel, accueillant et très compétent. Ils ont pris le temps de bien vérifier mon dossier et tout s’est déroulé rapidement et sans aucun problème. Une agence sérieuse que je recommande vivement."
Témara,Attijariwafa Bank,22/09/24,"W4R7+5JC, Av. des Oudayas Témara",5,Service exemplaire
Témara,Attijariwafa Bank,22/08/26,"W4R7+5JC, Av. des Oudayas Témara",1,"À vomir le service.  D'une incompetence lunaire

À éviter, si vous voulez être correctement servis. 'c votre argent. Surtout la miss à l accueil qui veut s inventer un' role qu'elle n a pas. Afligent l impotence!!"
Témara,Attijariwafa Bank,22/08/26,"W4R7+5JC, Av. des Oudayas Témara",1,"Nul nul nul.... Je comprends même pas comme quelqu'un d aussi I compétant peut être à l accueil !!!  La veille, 'elle valide avec présentation de ma CIN et signature un retrait de 50 000dh. …"
Témara,Attijariwafa Bank,22/09/20,"W4R7+5JC, Av. des Oudayas Témara",1,ZÉRO
Témara,Attijariwafa Bank WIFAK2,22/05/26,"W3C8+64Q, Bd Al Forkane Témara",1,"Guichet automatique toujours vide 0
Service à la clientèle : 0
Communication : 0
00000000 étoile 000000"
Témara,Attijariwafa Bank WIFAK2,22/09/25,"W3C8+64Q, Bd Al Forkane Témara",1,"C'est normalement mon agence. Je viens de rentrer chez moi je suis parti faire un virement dans mon compte. Mais l'argent de sécurité qui venait d'ouvrir la porte à une dame qui sortait, à fermer la porte à mon nez quand j'ai toqué il ma …"
Témara,Attijariwafa Bank WIFAK2,22/10/25,"W3C8+64Q, Bd Al Forkane Témara",5,"Je souhaite exprimer ma satisfaction pour l’excellent service de l’agence Attijariwafa bank du  Wifak.
Le personnel y est chaleureux, professionnel, et toujours prêt à aider avec …"
Témara,Attijariwafa Bank WIFAK2,22/09/25,"W3C8+64Q, Bd Al Forkane Témara",5,"Très tres bon service! L’équipe est professionnelle, réactive et à l’écoute. Merci pour votre accompagnement de qualité !"
Témara,Attijariwafa Bank WIFAK2,22/09/24,"W3C8+64Q, Bd Al Forkane Témara",1,"Je confirme Agence qui ne respecte pas les clients. Traitement lent, manque de professionnalisme.
Des amateurs à vrai dire."
Témara,Chaabi Cash,22/05/26,"N°46, Hay al aalaouine, Rue Koweït Témara",1,"Expérience très décevante.
Il y a un réel manque de respect des horaires de travail, avec des fermetures répétées sans aucune justification ni préavis. Ce comportement montre un manque de …"
Témara,Chaabi Cash,22/09/24,"N°46, Hay al aalaouine, Rue Koweït Témara",5,Très bon service.
Témara,Chaabi Cash,22/09/21,"N°46, Hay al aalaouine, Rue Koweït Témara",5,"Bon service, je recommande"
Témara,Chaabi Cash,22/09/21,"N°46, Hay al aalaouine, Rue Koweït Témara",5,"je vous recommande vivement cette agence  , service au top , excellent accueil , et local a la hauteur des attentes"
Témara,Chaabi Cash,22/09/21,"N°46, Hay al aalaouine, Rue Koweït Témara",5,"Bon service, accueil professionnel"
Témara,Crédit Agricole Du Maroc,22/09/25,"W398+XF3, Bd Al Forkane Témara",1,"Bonjour,
Il est inacceptable que l’alarme de sécurité de votre établissement se déclenche régulièrement sans intervention rapide, particulièrement les week-ends. Ce …"
Témara,Crédit Agricole Du Maroc,22/09/24,"W398+XF3, Bd Al Forkane Témara",5,Trés trés bon service
Témara,Crédit Agricole Du Maroc,22/09/21,"W398+XF3, Bd Al Forkane Témara",5,Facile à accéder
Témara,Crédit Agricole Du Maroc,22/09/17,"W398+XF3, Bd Al Forkane Témara",5,personnel acceuillant
Témara,Crédit Agricole Du Maroc,22/09/24,"W398+XF3, Bd Al Forkane Témara",5,"Bonjour, je veux récupérer mon rip"
Témara,CIH BANK,22/08/26,"Lot N. 17, N1 Témara",1,"zéro la caisse  manque de professionnalisme
Laissent les gens attendre et disent qu'elles sont allez au toilettes
Ta3amoul khaaaayb bnisba li akhyab caisse f cih dkhlt  liha"
Témara,CIH BANK,22/09/24,"Lot N. 17, N1 Témara",1,"C'est avec un regret très sincère que je partage mon expérience avec la banque que je m'exprime au sujet de mon récent passage au sein de la dite prestigieuse banque CIH. En effet, mon expérience a été ensommeillée par des attentes …"
Témara,CIH BANK,22/05/26,"Lot N. 17, N1 Témara",5,Merci a yassmine essafiani bon service ♥️🌹 …
Témara,CIH BANK,22/09/23,"Lot N. 17, N1 Témara",1,"Service nul 👎
Plus d'une heure à attendre pour qu'au final on me dise on a arrêté le système à 15h30, vous ne pouvez plus déposer votre chèque. Sachant que je suis arrivé …"
Témara,CIH BANK,22/09/23,"Lot N. 17, N1 Témara",1,Service très très très lent ... une heure pour déposer mon argent ... c trop
Témara,Attijariwafa Bank,22/04/26,"W4G6+4F3, Rue Al Talhe Témara",1,"Très mauvaise expérience avec cette agence.
Le service est vraiment en dessous du niveau attendu. Le directeur est souvent absent et difficile à joindre. Les commerciaux ne sont presque jamais disponibles …"
Témara,Attijariwafa Bank,22/10/25,"W4G6+4F3, Rue Al Talhe Témara",1,"Nul services , la satisfaction du client n'ai pas a leur intérêt"
Témara,Attijariwafa Bank,22/09/24,"W4G6+4F3, Rue Al Talhe Témara",1,"Agence qui ferme plus tôt que prévu.
Je me suis présenté à 15h40 et ils ne m'ont pas laissé entrer. Chaqu'un fait ce qu'il lui plaît dans cette banque."
Témara,Attijariwafa Bank,22/09/25,"W4G6+4F3, Rue Al Talhe Témara",1,"Mauvaise expérience, compte entreprise 190 dh/mois le minimum hhh lol"
Témara,Attijariwafa Bank,22/09/24,"W4G6+4F3, Rue Al Talhe Témara",1,"Accueil froid, à croire qu'il faut les supplier pour qu'ils travaillent, qu'est ce qui se passe dans cette agence ?"
Témara,Crédit du Maroc,22/03/26,Avenue Prince Moulay Abdellah – Harhoura Témara,1,"Je souhaite exprimer mon mécontentement concernant la qualité de service reçue à l'agence du Crédit du Maroc de harhoura. Le caissier était fréquemment absent, malgré une affluence importante de clients, ce qui a causé des attentes interminables. Un manque de professionnalisme flagrant et un temps d'attente inacceptable"
Témara,Crédit du Maroc,22/06/26,Avenue Prince Moulay Abdellah – Harhoura Témara,1,"J e suis à la banque depuis 20 minutes et il n’y a toujours aucun caissier. L’agence est vide, pas un employé en vue. J’attends, mais personne ne vient. Comment est-ce possible qu’une banque fonctionne ainsi"
Témara,Crédit du Maroc,22/09/24,Avenue Prince Moulay Abdellah – Harhoura Témara,1,"horrible comme agence et comme banque !  je me suis présenté vers 14h pour un retrait, pas de caissier !  y avais une dame qui m as dis qu elle pouvais rien faire !!  ca n as même pas le niveau d une agence de proximité ( cashplus......ect)!!!  et ca s appel une banque !!!"
Témara,Crédit du Maroc,22/09/25,Avenue Prince Moulay Abdellah – Harhoura Témara,1,"C’est la pire banque possible , je vous conseille tout simplement de changer de banque c’est plus simple"
Témara,Crédit du Maroc,22/08/26,Avenue Prince Moulay Abdellah – Harhoura Témara,5,Service client très agréable ! Emplacement idéal !
Témara,Bank of Africa,22/12/25,"W4R8+86X, Av. des Oudayas Témara",1,"Personnel décevant,manque du ba.ba de la relation humaine, ni bonjour ou salam, visage fermé, regard haineux, demande de la CIN sous forme de ""commandement "",et reaction agressive suite à un conseil en ce sens. …"
Témara,Bank of Africa,22/09/21,"W4R8+86X, Av. des Oudayas Témara",1,Traitement non professionnel des clients: l'agent de sécurité est l'interlocuteur principal chargé de dire que le personnel est en pause (avec un air peu soigné surtout de 12 à 2h) !  Le chargé de clients ne répond pas au téléphone...
Témara,Bank of Africa,22/09/23,"W4R8+86X, Av. des Oudayas Témara",1,"Effectivement, une phrase bizarre : les fonctionnaires sont en pause dej à 13h, c'est logique et raisonnable,  mais quand tu demandes quand est ce que je pourrais revenir l'agent de sécurité te dit : ""je sais pas"" ça c'est bizarre est loin …"
Témara,Bank of Africa,22/09/25,"W4R8+86X, Av. des Oudayas Témara",1,Le Banquier m'a dit que la banque ne dispose pas d'argent le vendredi c'est bizarre faire attention partez à une autre banque (conseil)
Témara,Bank of Africa,22/09/20,"W4R8+86X, Av. des Oudayas Témara",1,"Les chargés de clientèle de cette agence sont très impolis, à cause d'eux, j'ai décidé de clourer mon compte avec la bmce. C'est vraiment dommage"
Témara,Attijariwafabanque,22/09/25,1158 1158 Témara,2,"Banque parmis d autre rien d exceptionnel à part la présence de vigil à l entre ,la tristesse combine au  calme on pense aux aux mosquée perdus dans un village au  fin fond de la province."
Témara,Attijariwafabanque,22/09/21,1158 1158 Témara,1,"Les respensables de cette banque ainsi que le directeur se male traite les clients ainsi, ne fait pas leurs travaille comme il le faut, se jour je vais fermer mon compte car javais un probléme qu'il n'on pas regler sa fait 2 moi ainsi des …"
Témara,Attijariwafabanque,22/09/18,1158 1158 Témara,3,Banque le plus utilisé par les gens
Témara,Attijariwafabanque,22/09/18,1158 1158 Témara,3,Banque attijari
Témara,Attijariwafabanque,01/09/26,1158 1158 Témara,1,"Très mauvaise expérience. Le personnel à la caisse devrait revoir sa façon d’accueillir et de traiter les gens. Je suis venue uniquement pour effectuer un virement pour une personne cliente de cette banque, et j’ai été choquée par le manque de respect et de professionnalisme. Heureusement que je ne suis pas cliente."
Témara,Saham Bank Temara Aswak Essalam,22/09/19,"avenue Hassan II , Sigale, Sigalon Témara",4,Ouvert les samedis matin
Témara,Saham Bank Temara Aswak Essalam,18/09/26,"avenue Hassan II , Sigale, Sigalon Témara",5,
Témara,Saham Bank Temara Aswak Essalam,22/09/23,"avenue Hassan II , Sigale, Sigalon Témara",5,
Témara,Saham Bank Temara Aswak Essalam,22/09/19,"avenue Hassan II , Sigale, Sigalon Témara",5,
Témara,Attijariwafa Agence Hassan I,25/08/26,W35H+2CH Témara,5,Bravo à toute l équipe de cette agence leur enthousiasme à leur tête un grand monsieur responsable d agence Mr youness très proche des clients et tres professionnel c est rare ou je trouve cette qualité relationnelle d exelence d un …
Témara,Attijariwafa Agence Hassan I,22/07/26,W35H+2CH Témara,5,"Une agence bancaire à recommander
Si youness un responsable d agence de très haut niveau  très expert et avec une forte valeur ses conseils et ses explications sont des atouts pour les clients …"
Témara,Attijariwafa Agence Hassan I,22/06/26,W35H+2CH Témara,1,"À fuire service client désastreux temps d'attente, personne absente de son poste éviter cette agence"
Témara,Attijariwafa Agence Hassan I,22/07/26,W35H+2CH Témara,4,"Je donne pas la note pour l’agence mais pour la banque entière
On a créé un compte entreprise et a du attendre environ un mois pour l’activation des virements"
Témara,Attijariwafa Agence Hassan I,22/09/25,W35H+2CH Témara,3,Tous les débuts de mois plein de gens et mauvaise alimentation des guichet automatique de l'argent suffisamment pour les usagers du guichet surtout les week end et  lors des premiers jours après les virements financièrs des fonctionnaires
Témara,barid bank,22/09/23,W36H+88M Témara,1,Attendre 3 heure pour te dire qu’il font pas ça
Témara,barid bank,22/09/24,W36H+88M Témara,1,"MAUVAIS SERVICE
RETARD
pas d'organisation"
Témara,barid bank,22/09/24,W36H+88M Témara,1,"Catastrophe absolue, éviter a tt prix"
Témara,barid bank,22/09/23,W36H+88M Témara,1,très mauvais service
Témara,barid bank,22/09/23,W36H+88M Témara,1,"Mon conseil, mes frères, est d'éviter cette agence. J'ai voulu retirer mon argent, mais il n'a pas été transféré. Au lieu de cela, il a été débité de mon compte comme si je l'avais retiré, mais rien ne s'est passé. Quand je suis allé les …"
Témara,بنك اليسر,22/09/25,"241 Hay Masrour 1, Av. Mohammed V Témara",4,"Je ne comprends pas pourquoi la réalité contredit toujours les affirmations. Le site web officiel de la banque indique que les revenus du personnel sont nuls, mais une fois sur place, on vous explique que cela ne concerne que les employés …"
Témara,بنك اليسر,22/10/25,"241 Hay Masrour 1, Av. Mohammed V Témara",5,"Excellente banque, service impeccable de la part de tous les employés, et notamment du directeur, très respecté. Il y a bien quelques problèmes, mais le plus important est leur réactivité : ils interviennent, répondent et les résolvent. Franchement, il y a eu une nette amélioration depuis le premier jour."
Témara,بنك اليسر,22/09/25,"241 Hay Masrour 1, Av. Mohammed V Témara",1,L'agence bancaire la plus méprisable
Témara,بنك اليسر,22/09/23,"241 Hay Masrour 1, Av. Mohammed V Témara",5,excellent
Témara,بنك اليسر,22/02/26,"241 Hay Masrour 1, Av. Mohammed V Témara",5,
Témara,Agence Attajariwafa Banque,22/04/26,W3M5+CR9 Témara,1,"Service extrêmement lent et désorganisé chez Attijariwafa Bank. Après plus d’un mois d’attente pour une simple ouverture de compte liée à la vérification de ma carte de séjour, je n’ai toujours aucune réponse claire. …"
Témara,Agence Attajariwafa Banque,22/05/26,W3M5+CR9 Témara,5,J'ai eu une expérience très agréable en tant que RME et surtout avec Madame Leila une conseillère clientèle très compétente! De l'ouverture de comptes jusqu'à l'activation de Attijariwafabank Mobile app! Elle connaît très bien les produits de la banque et les solutions les plus adaptées!
Témara,Agence Attajariwafa Banque,22/04/26,W3M5+CR9 Témara,1,"Expérience client très décevante avec Attijariwafa Bank. J’essaie d’ouvrir un compte depuis plus d’un mois, sans aucune avancée ni explication claire. Malgré plusieurs visites et relances, aucune solution concrète n’a été apportée. …"
Témara,Agence Attajariwafa Banque,22/04/26,W3M5+CR9 Témara,1,"Très mauvaise expérience avec Attijariwafa Bank. Cela fait plus d’un mois que mon dossier (vérification de la carte de séjour) est “en cours”, sans aucun retour concret. Je me suis déplacé deux fois en agence et j’ai même envoyé une autre …"
Témara,Agence Attajariwafa Banque,01/09/26,W3M5+CR9 Témara,1,Je ne fait que appeler personne ne répond franchement si quelqu’un de minimum responsable lis cet avis il faudrait impérativement renvoyer les gens qui y travail a eux seul ils peuvent faire couler l’entiereter de Attijariwafa Bank
Témara,Trésorerie Générale Témara,22/07/26,W37G+HHQ Témara,5,"Un centre exceptionnel alliant médecine alternative et psychothérapie, offrant un service, une qualité et une expertise de haut niveau."
Témara,Trésorerie Générale Témara,17/09/26,W37G+HHQ Témara,2,
Témara,Trésorerie Générale Témara,22/10/25,W37G+HHQ Témara,4,
Témara,Trésorerie Générale Témara,22/09/24,W37G+HHQ Témara,5,
Témara,Trésorerie Générale Témara,22/09/22,W37G+HHQ Témara,1,
Témara,Credit Agricole,22/05/26,"W3MV+3F4, Avenida Moulay Ali Cherif Témara",1,Sevice 0 et en plus il n accepté pas les billets20 et les 50
Témara,Credit Agricole,22/09/19,"W3MV+3F4, Avenida Moulay Ali Cherif Témara",4,Bon service au niveau d'agence moulay ali cherif. Mais systématiquement  besoin de mise à jour.
Témara,Credit Agricole,22/09/22,"W3MV+3F4, Avenida Moulay Ali Cherif Témara",5,Bon service
Témara,Credit Agricole,22/09/17,"W3MV+3F4, Avenida Moulay Ali Cherif Témara",4,Bons services...
Témara,Credit Agricole,22/09/19,"W3MV+3F4, Avenida Moulay Ali Cherif Témara",3,Normale
Témara,Stellantis Salaf - Témara,22/10/25,"mag5-6, résidence Attawhid, n°22 Av. Hassan II Témara",5,"Très satisfait de mon crédit chez AXA ! Merci à Mme Fatima Ezzahra pour son accompagnement, ses conseils clairs et son professionnalisme. Je recommande sans hésiter ! 💯 …"
Témara,Stellantis Salaf - Témara,22/09/25,"mag5-6, résidence Attawhid, n°22 Av. Hassan II Témara",1,"Je vous déconseille cette agence, un traitement scandaleux de la clientèle par le personnel,  le directeur est introuvable, j'ai vécu une expérience traumatisante causée par une employée nommée FZ qui m'a insulté,   et n'a pas voulu traiter …"
Témara,Stellantis Salaf - Témara,22/10/25,"mag5-6, résidence Attawhid, n°22 Av. Hassan II Témara",1,"C'est horrible fuyez les gens, ils ne répondent jamais par téléphone
JAMAIS.
Jamais de traitement dans les délais et aucune réponse de leur part que ça soit par tel ou autre"
Témara,Stellantis Salaf - Témara,22/09/25,"mag5-6, résidence Attawhid, n°22 Av. Hassan II Témara",1,"Ne réponde pas au téléphone, plusieurs jours que j'appelle, plusieurs fois dans la journée, et personne ne décroche, pas professionnel du tout !!"
Témara,Stellantis Salaf - Témara,22/09/25,"mag5-6, résidence Attawhid, n°22 Av. Hassan II Témara",5,Bon service Bonne acceuil merci beaucoup.
Témara,Barid cash,22/09/24,"W4C6+H26, hay al maghrib al arabi, Rue Melilia Témara",1,Le service est très très très long  on perd notre temps pour un simple service
Témara,Barid cash,22/09/24,"W4C6+H26, hay al maghrib al arabi, Rue Melilia Témara",5,Excellent service merci beaucoup
Témara,Barid cash,22/09/22,"W4C6+H26, hay al maghrib al arabi, Rue Melilia Témara",5,Très bon service
Témara,Barid cash,22/09/22,"W4C6+H26, hay al maghrib al arabi, Rue Melilia Témara",5,excellent service
Témara,Barid cash,22/09/24,"W4C6+H26, hay al maghrib al arabi, Rue Melilia Témara",1,"L'endroit est définitivement fermé, ne perdez pas votre temps à y aller."
Témara,Bank of Africa Aïn Atiq,22/08/26,"route National km 19 , lot Aljid, AIN ATIQ Témara",1,"Très mauvaise expérience. À plusieurs reprises, l'agent d'accueil était absent pour sa pause déjeuner alors que l'agence est censée fonctionner en horaire continu. Cela entraîne une perte de temps pour les clients. En outre, la qualité de …"
Témara,Bank of Africa Aïn Atiq,22/09/25,"route National km 19 , lot Aljid, AIN ATIQ Témara",1,"+ Le premier problème, c'est que l'entreprise de sécurité vous contacte en vous disant que nous sommes complets. Ils reviennent au bout d'une demi-heure et il n'y a pas d'horaire. Nous devons faire une pause. Affichez l'heure sur la porte pour que tout le monde puisse la voir."
Témara,Bank of Africa Aïn Atiq,22/12/25,"route National km 19 , lot Aljid, AIN ATIQ Témara",1,"Lors de ma visite à la banque BMCE, j’ai été déçu par la qualité de l’accueil, en particulier en raison de Madame Hoda Mansouri. De plus, le directeur n’a pas été à la hauteur, ce qui donne l’impression que les clients sont négligés et mal traités."
Témara,Bank of Africa Aïn Atiq,22/11/25,"route National km 19 , lot Aljid, AIN ATIQ Témara",1,"Il faut qu'un responsable de la BMCE vienne rendre visite à cette agence , vous donnez une très mauvaise image de notre pays. C'est malheureux...."
Témara,Bank of Africa Aïn Atiq,22/11/25,"route National km 19 , lot Aljid, AIN ATIQ Témara",1,Vaux mieux fermer cette agence toujours pas de réseau et perte du temps
Témara,Banque Populaire,22/09/25,Khyam 6 Av. Moulay Rachid Témara,1,La communication est très faible ; veuillez faire davantage d'efforts pour améliorer ce point faible.
Témara,Banque Populaire,22/08/26,Khyam 6 Av. Moulay Rachid Témara,5,"Dieu merci, les employés nous traitent bien."
Témara,Banque Populaire,22/09/25,Khyam 6 Av. Moulay Rachid Témara,1,Vous allez à la banque et impossible de les trouver ; ils sont toujours en pause déjeuner. …
Témara,Barid Bank,22/09/22,W3JV+XP6 Témara,1,"GAB defaillant ,lenteur des services,personnel insuffisant clients nombreux en attente pour longtemps"
Témara,Barid Bank,22/09/23,W3JV+XP6 Témara,3,Lieu publique... Qui manque d'organisation et surtout de ... Contrôle
Témara,Barid Bank,22/09/19,W3JV+XP6 Témara,1,Service est vraiment nul
Témara,Barid Bank,22/09/24,W3JV+XP6 Témara,1,Très lente
Témara,Barid Bank,22/07/26,W3JV+XP6 Témara,5,
Témara,Banque Populaire agence al moustakbal,22/08/26,"lotissement 9 juillet N°6, Av. Moulay Hassan I Témara",1,Une lenteur exaspérante au niveau du guichet. Attendre plus d'une demi-heure alors qu'il n'y avait que ~4 personnes dans la file d'attente est tout simplement anormal pour une agence bancaire. Le traitement des opérations est beaucoup trop lent et le service client en pâtit. À éviter si vous êtes pressé.
Témara,Banque Populaire agence al moustakbal,22/04/26,"lotissement 9 juillet N°6, Av. Moulay Hassan I Témara",1,Les responsables doivent prendre en considération les remarques faites et s'assurer du bon déroulement des services des banques.
Témara,Banque Populaire agence al moustakbal,22/09/20,"lotissement 9 juillet N°6, Av. Moulay Hassan I Témara",1,Service laisse à désirer.  Personnel non professionnel.  Mauvaise comportement vis-à-vis des clients.
Témara,Banque Populaire agence al moustakbal,22/09/20,"lotissement 9 juillet N°6, Av. Moulay Hassan I Témara",3,"Une agence correcte, mais avec le COVID le service est devenu pénible."
Témara,Banque Populaire agence al moustakbal,22/09/23,"lotissement 9 juillet N°6, Av. Moulay Hassan I Témara",5,"Très bon service, meilleure agence à temara"
Témara,BMCI,22/09/22,"1er, Av. Moulay Idriss Témara",1,Horrible
Témara,BMCI,22/09/24,"1er, Av. Moulay Idriss Témara",1,
Témara,BMCI,22/09/21,"1er, Av. Moulay Idriss Témara",1,
Témara,Cash Plus Temara,22/09/25,Av. Lalla Meriem Témara,1,"Lors de ma visite à votre agence, j'ai été surpris par le manque d'attention accordé à l'accueil des clients. L'employé en charge n'a ni pris la peine de me regarder, ni montré d'intérêt dans l'échange, répondant uniquement par des 'oui' ou …"
Témara,Cash Plus Temara,22/11/25,Av. Lalla Meriem Témara,1,"Numéro non juste,  et la localisation me mène à un rempoint !
Merci de bien changer les coordonnées !"
Témara,Cash Plus Temara,22/09/23,Av. Lalla Meriem Témara,5,Très bon service et rapide . Les personnels  à la hauteur
Témara,Cash Plus Temara,22/09/23,Av. Lalla Meriem Témara,5,Service au top.  J'aime !
Témara,Cash Plus Temara,22/09/23,Av. Lalla Meriem Témara,5,Accueil chaleureux et service à la pointe je recommande fortement
Témara,Agence al Barid Bank,22/05/26,"Appt 7, imm 11 Témara",5,
Témara,WAFACASH ESPACE CASH WESTERNUNION MONEYGRAM RIA TRANSFERT D'ARGENT,18/09/26,"LOT 24, IMMEUBLE 70 AVENUE MY ALI CHERIF Témara",5,
Témara,WAFACASH ESPACE CASH WESTERNUNION MONEYGRAM RIA TRANSFERT D'ARGENT,22/09/25,"LOT 24, IMMEUBLE 70 AVENUE MY ALI CHERIF Témara",1,
Témara,Barid cash - البريد كاش,22/08/26,Av. Moustapha Assayeh Témara,5,"Très bonne agence, la dame est toujours souriante, accueillante et professionnelle. Le seul point à améliorer est le temps d’attente, car il y a souvent beaucoup de monde."
Témara,Barid cash - البريد كاش,22/03/26,Av. Moustapha Assayeh Témara,1,"Catastrophique !! Je n'ai jamais vu quelque chose d'aussi stupide, le monsieur au comptoir n'a pas du tout envie de travailler. Il ne regarde pas correctement les documents et essaie tout le temps de trouver une raison d'envoyer un moyen, …"
Témara,Barid cash - البريد كاش,22/06/26,Av. Moustapha Assayeh Témara,1,Agents absents agence fermée alors que ca doit etre ouvert
Témara,Barid cash - البريد كاش,22/09/25,Av. Moustapha Assayeh Témara,1,FUYEZ ! La dame à l’accueil est une voleuse je lui ai donné 350€ pour faire le change elle me donne 1400 dirham avec un air innocent. Elle a essayé de me voler 210€ et en plus de ça elle est d’une lenteur et très paresseuse.
Témara,Barid cash - البريد كاش,22/12/25,Av. Moustapha Assayeh Témara,3,Personnel très gentil sa dépend si on tombe sur la femme c'est pas la peine elle es très désagréable  les horaires ne sont pas toujours respecté
Témara,Cash Plus Temara Maghrib Arabi,22/09/25,N3571 HAY Témara,5,
Témara,Barid al Maghrib,01/09/26,W3C8+24H Témara,1,"Agence nulle, personnel manquant de professionnalisme depuis l’agent de sécurité qui se prend pour un gendarme et ouvre ou ferme la porte à sa guise, jusqu’à la personne à la caisse complètement incompétente et impolie. À l’image de toute une institution !"
Témara,Barid al Maghrib,22/10/25,W3C8+24H Témara,1,"Il faut définitivement fermer cette agence. Cela fait des mois que je m'y dirige pour faire des envois, le système TOUJOURS en panne. Littéralement, jamais en service. On me renvoie vers une autre agence plus loin de là où j'habite. C'est …"
Témara,Barid al Maghrib,22/09/25,W3C8+24H Témara,1,"C’est incroyable le nombre d’avis négatif pour La Poste dans tout le pays, et ils ne font rien pour se développer. …"
Témara,Barid al Maghrib,22/09/20,W3C8+24H Témara,1,Mal dans toute l'agence il ya un seul personne qui gère toutes les actions trés mauvais service les gens sont dehors qui attend leur tour
Témara,Barid al Maghrib,22/09/21,W3C8+24H Témara,1,Service médiocre vous êtes amenés a faire la queue en dehors de l'agence dans le soleil sans abris pour plus d'une heure . malheureusement les services chez la poste et barid bank sont de mauvaise qualité que je déteste vraiment de tous mon cœur
Témara,Cash Plus Temara Rue Rabat,22/05/26,"IMM 292, RDC N°6, Rue de Rabat Témara",3,
Témara,Cash plus temara massira 1 ouhoud,22/09/25,828 Avenue Moulay Idriss Témara,1,"Comme toute entreprise spécialisée dans les transferts d argent ,leur agencement est très réduite cela a une influence directe sur la qualité des services proposés aux usagés . …"
Témara,Cash plus temara massira 1 ouhoud,22/09/24,828 Avenue Moulay Idriss Témara,1,"À chaque fois que je me présente pour récupérer mon argent reçu via un transfert venu de l étrangers il prétexte un problème dans l application ou dans le système, je fais 400m chez un autre cach plus je récupère sans problème !!!!"
Témara,Cash plus temara massira 1 ouhoud,22/09/22,828 Avenue Moulay Idriss Témara,5,Bonjour mon amis ça va  tu es bein et très bon service machaelah
Témara,Cash plus temara massira 1 ouhoud,22/09/22,828 Avenue Moulay Idriss Témara,5,bjr ce persone vueb éduqué o le services top du top
Témara,Cash plus temara massira 1 ouhoud,22/09/22,828 Avenue Moulay Idriss Témara,5,"Accueil a la hauteur, souriant tres bon service"
Témara,ARRAWAJ Micro Crédit -Temara,22/09/24,75 Av. Moulay Idriss I Témara,5,Personnel professionnelles.
Témara,ARRAWAJ Micro Crédit -Temara,22/09/25,75 Av. Moulay Idriss I Témara,5,
Témara,ARRAWAJ Micro Crédit -Temara,22/09/25,75 Av. Moulay Idriss I Témara,5,
Témara,ARRAWAJ Micro Crédit -Temara,22/09/24,75 Av. Moulay Idriss I Témara,5,
Témara,ARRAWAJ Micro Crédit -Temara,22/09/24,75 Av. Moulay Idriss I Témara,5,
Témara,Cash plus maghrib arabi 2 temara,22/09/25,W493+W45 Témara,5,
Témara,Chaabi cash Western Union Temara Wifaq /CNSS AMO مكتب معتمد,22/09/21,"n 1384, Bd Gaza Témara",5,Bonne qualité et service .lah ykaml blkhir.
Témara,Chaabi cash Western Union Temara Wifaq /CNSS AMO مكتب معتمد,22/09/21,"n 1384, Bd Gaza Témara",5,bon courage
Témara,Chaabi cash Western Union Temara Wifaq /CNSS AMO مكتب معتمد,22/09/21,"n 1384, Bd Gaza Témara",5,
Témara,CIH Bank,22/03/26,"Lotisst Iskane, Av. des Oudayas Témara",1,"Je ne recommande pas cette agence, et ce uniquement à cause de la conseillère Mouna. J'essaie toujours de l'appeler pendant les heures d'ouverture, mais elle ne répond jamais, et la seule fois où elle a pris mon appel, elle s'est montrée …"
Témara,CIH Bank,22/09/23,"Lotisst Iskane, Av. des Oudayas Témara",1,"Service client mediocre, des prélèvements à tort et à travers sans consentement du client, aucune explication apportée, aucun suivi avec les clients, aucune réponse au téléphone et surtout, personnel très incompétent que ce soit la …"
Témara,CIH Bank,22/09/25,"Lotisst Iskane, Av. des Oudayas Témara",4,"Agence bancaire de la cité. Bien située, calme et personnel à l'écoute."
Témara,CIH Bank,22/09/24,"Lotisst Iskane, Av. des Oudayas Témara",1,"Manque de professionnalisme, pas de respect"
Témara,CIH Bank,22/09/25,"Lotisst Iskane, Av. des Oudayas Témara",1,Dima système tay7 👎 …
Témara,Cash Plus Centre Temara,22/09/23,"centre, Av. Hassan II Témara",1,Zero comportement de l agent qui se trouve au guicher il m informe qu il ne sais pas utilise le transfert depuis cash plus qu il ne sais utilise l application j ai attendu depuis ka queus   2 h !!!!!! Et a la fin il me dit de voir un autre cashplus
Témara,Cash Plus Centre Temara,22/09/25,"centre, Av. Hassan II Témara",5,L'une des meilleures agences ; le personnel est extrêmement poli et courtois.
Témara,Cash Plus Centre Temara,22/09/24,"centre, Av. Hassan II Témara",5,
Témara,Cash Plus Cheikh Daoui Temara,22/09/23,"Lot 24 N° 59, Secteur 4 Témara",1,"Que Dieu bénisse le garçon que j'ai nommé Rachid et sa famille, et que Dieu garde la nouvelle mère qui est arrivée, le plus grand poison de l'univers, la garde comme une marchandise."
Témara,Cash Plus Cheikh Daoui Temara,22/09/21,"Lot 24 N° 59, Secteur 4 Témara",3,Service normal
Témara,LANA CASH TEMARA LOT AL AZHAR,22/04/26,8 LOT AL AZHAR Témara,5,Excellent service et personnel très aimable et serviable. À recommander sans hésitations.
Témara,LANA CASH TEMARA LOT AL AZHAR,22/03/26,8 LOT AL AZHAR Témara,5,Très bon service et acceuil
Témara,LANA CASH TEMARA LOT AL AZHAR,22/03/26,8 LOT AL AZHAR Témara,5,Très bon service
Témara,LANA CASH TEMARA LOT AL AZHAR,22/04/26,8 LOT AL AZHAR Témara,5,"Trés bon service avec un acceuil chaleureux.
Je vous conseil de visiter cette agence."
Témara,LANA CASH TEMARA LOT AL AZHAR,22/04/26,8 LOT AL AZHAR Témara,5,Avec LANA CASH TEMARA vous pouvez réaliser toutes les opérations financières en toute sécurité grâce à des compétences plus responsable.
Témara,Cash Plus Centre Hassan 2 Temara,22/05/26,"RESIDENCE ENNASR MAGASIN N°2, Av. Hassan II Témara",1,Il n'y a que sécurité et sadisme une heure avant
Témara,Cash Plus Centre Hassan 2 Temara,22/09/25,"RESIDENCE ENNASR MAGASIN N°2, Av. Hassan II Témara",5,Meilleurs taux de change pour USD et EURO.
Témara,Cash Plus Centre Hassan 2 Temara,22/09/20,"RESIDENCE ENNASR MAGASIN N°2, Av. Hassan II Témara",5,
Témara,Cash Plus Centre Hassan 2 Temara,22/09/20,"RESIDENCE ENNASR MAGASIN N°2, Av. Hassan II Témara",5,
Témara,Cash Plus El Fouarat Temara,22/08/26,"CHAABI ISKANE, Av. Tarik Ibn Ziad Témara",5,Très serviable et personne de confiance!
Témara,Cash Plus El Fouarat Temara,22/09/24,"CHAABI ISKANE, Av. Tarik Ibn Ziad Témara",1,"Je voudrais juste savoir à quelle heure vous ouvrez. Il était 8h30 et il est maintenant 9h00, je ne comprends vraiment rien."
Témara,Cash Plus Temara Masjid El Iman,22/09/25,"WIFAQ, Mosquée Al Imane, MAGASIN 2 Témara",5,Bon travail
Témara,Cash Plus Temara Masjid El Iman,18/09/26,"WIFAQ, Mosquée Al Imane, MAGASIN 2 Témara",3,
Témara,Cash Plus Temara Masjid El Iman,22/10/25,"WIFAQ, Mosquée Al Imane, MAGASIN 2 Témara",5,
Témara,Cash Plus Temara Masjid El Iman,22/09/25,"WIFAQ, Mosquée Al Imane, MAGASIN 2 Témara",5,
Témara,Cash Plus Hassan I Temara,22/09/22,boulevard HASSAN Ier Témara,1,"Si je pouvais mettre 0 je le ferai ,j'ai attendu 20 mn devant la porte personne ne répondait je n'étais pas la seule..l'employée est sortie de la crêperie mon rêve juste à côté je leurs ai fait la remarque que rien n'est indiqué sur la …"
Témara,Cash Plus Hassan I Temara,22/07/26,boulevard HASSAN Ier Témara,5,
Témara,Cash Plus Temara Hay Nahda,22/09/20,14 Av.Idriss Premier Hay Nahda Temara Témara,1,Cette agence n’existe plus. Malheureusement
Témara,Cash Plus Temara Hay Nahda,22/09/23,14 Av.Idriss Premier Hay Nahda Temara Témara,5,"Serveurs excellents, personnel aimable"
Témara,Cash Plus Temara Hay Nahda,22/09/23,14 Av.Idriss Premier Hay Nahda Temara Témara,5,Bon service 👌 …
Témara,Cash Plus Temara Hay Nahda,22/09/24,14 Av.Idriss Premier Hay Nahda Temara Témara,1,Service zéro
